protocol,success,hops,messages,match_error,utility,ttl,episode
Epidemic,0,10,22,,0.0,10,0
Epidemic,0,10,80,,0.0,10,1
Epidemic,0,10,47,,0.0,10,2
Epidemic,0,10,60,,0.0,10,3
Epidemic,0,10,22,,0.0,10,4
Epidemic,0,10,78,,0.0,10,5
Epidemic,1,6,47,0.5675247251742137,0.2619815282283126,10,6
Epidemic,1,6,56,0.9772527994639524,0.17198152822831259,10,7
Epidemic,0,10,1,,0.0,10,8
Epidemic,0,10,80,,0.0,10,9
Epidemic,0,10,81,,0.0,10,10
Epidemic,0,10,27,,0.0,10,11
Epidemic,0,10,81,,0.0,10,12
Epidemic,0,10,58,,0.0,10,13
Epidemic,1,5,14,0.7935699766683281,0.6310515858035664,10,14
Epidemic,1,8,76,0.7608006254493906,0.0,10,15
Epidemic,0,10,84,,0.0,10,16
Epidemic,0,10,78,,0.0,10,17
Epidemic,0,10,60,,0.0,10,18
Epidemic,1,6,54,0.825403078327161,0.1919815282283126,10,19
Epidemic,0,10,72,,0.0,10,20
Epidemic,0,10,64,,0.0,10,21
Epidemic,1,3,39,0.6648234550984353,0.46555919037101845,10,22
Epidemic,1,7,57,0.8851011493282883,0.12489119474291055,10,23
Epidemic,0,10,84,,0.0,10,24
Epidemic,0,10,75,,0.0,10,25
Epidemic,0,10,22,,0.0,10,26
Epidemic,1,7,61,0.7065021390317329,0.08489119474291063,10,27
Epidemic,0,10,47,,0.0,10,28
Epidemic,0,10,81,,0.0,10,29
Epidemic,0,10,60,,0.0,10,30
Epidemic,0,10,60,,0.0,10,31
Epidemic,0,10,78,,0.0,10,32
Epidemic,1,9,74,0.9315658165484803,0.0,10,33
Epidemic,0,10,38,,0.0,10,34
Epidemic,1,1,16,0.7663813258550081,0.7893288668428896,10,35
Epidemic,0,10,76,,0.0,10,36
Epidemic,0,10,72,,0.0,10,37
Epidemic,0,10,69,,0.0,10,38
Epidemic,0,10,81,,0.0,10,39
Epidemic,1,3,9,0.9759400723078907,0.7655591903710185,10,40
Epidemic,1,5,40,0.9365843071771669,0.37105158580356634,10,41
Epidemic,1,5,17,0.8522999156655556,0.6010515858035663,10,42
Epidemic,1,2,17,0.8420865093207064,0.7312252974212047,10,43
Epidemic,0,10,73,,0.0,10,44
Epidemic,1,5,46,0.5412956363710841,0.31105158580356634,10,45
Epidemic,0,10,22,,0.0,10,46
Epidemic,0,10,76,,0.0,10,47
Epidemic,0,10,0,,0.0,10,48
Epidemic,0,10,75,,0.0,10,49
Epidemic,0,10,58,,0.0,10,50
Epidemic,0,10,77,,0.0,10,51
Epidemic,1,3,14,0.9038520457764452,0.7155591903710184,10,52
Epidemic,0,10,0,,0.0,10,53
Epidemic,1,4,49,0.552229717151004,0.32220703671193895,10,54
Epidemic,1,6,40,0.9760285996433131,0.3319815282283126,10,55
Epidemic,1,1,16,0.957009469677034,0.7893288668428896,10,56
Epidemic,0,10,76,,0.0,10,57
Epidemic,0,10,27,,0.0,10,58
Epidemic,0,10,74,,0.0,10,59
Epidemic,0,10,72,,0.0,10,60
Epidemic,0,10,66,,0.0,10,61
Epidemic,0,10,69,,0.0,10,62
Epidemic,0,10,73,,0.0,10,63
Epidemic,0,10,47,,0.0,10,64
Epidemic,0,10,0,,0.0,10,65
Epidemic,0,10,3,,0.0,10,66
Epidemic,1,3,14,0.7228201970482949,0.7155591903710184,10,67
Epidemic,0,10,77,,0.0,10,68
Epidemic,0,10,78,,0.0,10,69
Epidemic,0,10,78,,0.0,10,70
Epidemic,0,10,1,,0.0,10,71
Epidemic,1,4,16,0.7146279854460366,0.6522070367119389,10,72
Epidemic,0,10,85,,0.0,10,73
Epidemic,0,10,38,,0.0,10,74
Epidemic,0,10,75,,0.0,10,75
Epidemic,0,10,72,,0.0,10,76
Epidemic,0,10,76,,0.0,10,77
Epidemic,0,10,72,,0.0,10,78
Epidemic,0,10,85,,0.0,10,79
Epidemic,0,10,81,,0.0,10,80
Epidemic,0,10,72,,0.0,10,81
Epidemic,1,2,4,0.43865264058712106,0.8612252974212047,10,82
Epidemic,1,3,39,0.8613487522550316,0.46555919037101845,10,83
Epidemic,0,10,73,,0.0,10,84
Epidemic,1,9,56,0.9013374988726455,0.06625352365755599,10,85
Epidemic,0,10,55,,0.0,10,86
Epidemic,1,9,43,0.9240368762759039,0.19625352365755605,10,87
Epidemic,0,10,75,,0.0,10,88
Epidemic,0,10,73,,0.0,10,89
Epidemic,0,10,47,,0.0,10,90
Epidemic,1,8,39,0.9776219732282694,0.26968027048438903,10,91
Epidemic,0,10,3,,0.0,10,92
Epidemic,0,10,74,,0.0,10,93
Epidemic,0,10,57,,0.0,10,94
Epidemic,1,6,60,0.9063090333200698,0.13198152822831266,10,95
Epidemic,0,10,47,,0.0,10,96
Epidemic,0,10,74,,0.0,10,97
Epidemic,0,10,0,,0.0,10,98
Epidemic,0,10,64,,0.0,10,99
Epidemic,0,10,69,,0.0,10,100
Epidemic,0,10,55,,0.0,10,101
Epidemic,0,10,0,,0.0,10,102
Epidemic,0,10,0,,0.0,10,103
Epidemic,1,8,21,0.9540832104789478,0.4496802704843891,10,104
Epidemic,0,10,27,,0.0,10,105
Epidemic,0,10,81,,0.0,10,106
Epidemic,1,1,9,0.9687680083053385,0.8593288668428897,10,107
Epidemic,0,10,3,,0.0,10,108
Epidemic,1,7,23,0.7893075701219981,0.46489119474291063,10,109
Epidemic,1,0,1,0.9073350017267707,0.99,10,110
Epidemic,0,10,81,,0.0,10,111
Epidemic,0,10,22,,0.0,10,112
Epidemic,1,3,33,0.9798145906979763,0.5255591903710184,10,113
Epidemic,0,10,75,,0.0,10,114
Epidemic,0,10,55,,0.0,10,115
Epidemic,1,4,39,0.6289201223034563,0.42220703671193893,10,116
Epidemic,1,4,16,0.751448430060847,0.6522070367119389,10,117
Epidemic,1,6,54,0.3985903809414518,0.1919815282283126,10,118
Epidemic,0,10,60,,0.0,10,119
Epidemic,0,10,75,,0.0,10,120
Epidemic,0,10,66,,0.0,10,121
Epidemic,0,10,55,,0.0,10,122
Epidemic,0,10,76,,0.0,10,123
Epidemic,0,10,38,,0.0,10,124
Epidemic,0,10,60,,0.0,10,125
Epidemic,0,10,69,,0.0,10,126
Epidemic,1,9,50,0.9963780675507937,0.12625352365755604,10,127
Epidemic,1,4,17,0.8410238801432841,0.6422070367119389,10,128
Epidemic,0,10,52,,0.0,10,129
Epidemic,0,10,0,,0.0,10,130
Epidemic,0,10,88,,0.0,10,131
Epidemic,0,10,27,,0.0,10,132
Epidemic,0,10,60,,0.0,10,133
Epidemic,0,10,81,,0.0,10,134
Epidemic,1,2,7,0.4912244895080254,0.8312252974212047,10,135
Epidemic,0,10,0,,0.0,10,136
Epidemic,0,10,55,,0.0,10,137
Epidemic,0,10,52,,0.0,10,138
Epidemic,0,10,65,,0.0,10,139
Epidemic,1,9,64,0.6522499340533546,0.0,10,140
Epidemic,1,6,18,0.7866672265109007,0.5519815282283127,10,141
Epidemic,0,10,3,,0.0,10,142
Epidemic,0,10,60,,0.0,10,143
Epidemic,0,10,69,,0.0,10,144
Epidemic,1,1,4,0.9913273189790949,0.9093288668428896,10,145
Epidemic,0,10,0,,0.0,10,146
Epidemic,0,10,72,,0.0,10,147
Epidemic,1,10,56,0.9063742004252673,0.034520547970194215,10,148
Epidemic,0,10,38,,0.0,10,149
Epidemic,0,10,0,,0.0,10,150
Epidemic,1,0,1,0.7050561749911182,0.99,10,151
Epidemic,0,10,60,,0.0,10,152
Epidemic,0,10,3,,0.0,10,153
Epidemic,0,10,3,,0.0,10,154
Epidemic,1,2,9,0.6941719803684172,0.8112252974212047,10,155
Epidemic,0,10,78,,0.0,10,156
Epidemic,0,10,65,,0.0,10,157
Epidemic,0,10,55,,0.0,10,158
Epidemic,1,7,21,0.6549269689028606,0.48489119474291065,10,159
Epidemic,1,5,56,0.9154213256641106,0.2110515858035663,10,160
Epidemic,1,7,54,0.6989340640006231,0.15489119474291058,10,161
Epidemic,0,10,22,,0.0,10,162
Epidemic,0,10,77,,0.0,10,163
Epidemic,1,2,28,0.7126386747424851,0.6212252974212047,10,164
Epidemic,1,3,42,0.8809325605322218,0.4355591903710185,10,165
Epidemic,1,7,68,0.5274368208051197,0.014891194742910563,10,166
Epidemic,0,10,77,,0.0,10,167
Epidemic,0,10,22,,0.0,10,168
Epidemic,1,3,34,0.9987122366268343,0.5155591903710184,10,169
Epidemic,1,4,35,0.9138723771601261,0.4622070367119389,10,170
Epidemic,0,10,58,,0.0,10,171
Epidemic,1,6,45,0.5539880482141029,0.28198152822831263,10,172
Epidemic,1,4,23,0.8999664920589615,0.582207036711939,10,173
Epidemic,0,10,0,,0.0,10,174
Epidemic,1,3,42,0.8657408351568423,0.4355591903710185,10,175
Epidemic,0,10,60,,0.0,10,176
Epidemic,1,8,60,0.8774438256613719,0.059680270484389064,10,177
Epidemic,1,9,58,0.8635809192673205,0.046253523657556084,10,178
Epidemic,1,4,18,0.9765892492800522,0.632207036711939,10,179
Epidemic,0,10,47,,0.0,10,180
Epidemic,0,10,73,,0.0,10,181
Epidemic,1,4,52,0.9216868260467153,0.29220703671193893,10,182
Epidemic,0,10,22,,0.0,10,183
Epidemic,0,10,74,,0.0,10,184
Epidemic,0,10,47,,0.0,10,185
Epidemic,1,9,21,0.9673258805620821,0.4162535236575561,10,186
Epidemic,0,10,81,,0.0,10,187
Epidemic,0,10,22,,0.0,10,188
Epidemic,0,10,69,,0.0,10,189
Epidemic,0,10,88,,0.0,10,190
Epidemic,1,8,39,0.9972191987276585,0.26968027048438903,10,191
Epidemic,1,10,59,0.9878402357711745,0.0045205479701943,10,192
Epidemic,0,10,76,,0.0,10,193
Epidemic,0,10,72,,0.0,10,194
Epidemic,0,10,60,,0.0,10,195
Epidemic,0,10,81,,0.0,10,196
Epidemic,0,10,27,,0.0,10,197
Epidemic,0,10,72,,0.0,10,198
Epidemic,0,10,77,,0.0,10,199
Epidemic,0,20,88,,0.0,20,0
Epidemic,1,3,34,0.8951579307600926,0.5155591903710184,20,1
Epidemic,0,20,3,,0.0,20,2
Epidemic,0,20,88,,0.0,20,3
Epidemic,0,20,88,,0.0,20,4
Epidemic,0,20,88,,0.0,20,5
Epidemic,0,20,3,,0.0,20,6
Epidemic,0,20,88,,0.0,20,7
Epidemic,0,20,88,,0.0,20,8
Epidemic,0,20,88,,0.0,20,9
Epidemic,1,8,77,0.9705588497693695,0.0,20,10
Epidemic,1,11,73,0.8083831366912575,0.0,20,11
Epidemic,1,2,29,0.6738425843893505,0.6112252974212047,20,12
Epidemic,0,20,88,,0.0,20,13
Epidemic,0,20,88,,0.0,20,14
Epidemic,1,0,1,0.8044997794830582,0.99,20,15
Epidemic,0,20,88,,0.0,20,16
Epidemic,1,5,53,0.7446501130367223,0.24105158580356634,20,17
Epidemic,0,20,88,,0.0,20,18
Epidemic,0,20,88,,0.0,20,19
Epidemic,0,20,88,,0.0,20,20
Epidemic,0,20,88,,0.0,20,21
Epidemic,1,2,12,0.9327140624360037,0.7812252974212047,20,22
Epidemic,0,20,88,,0.0,20,23
Epidemic,0,20,88,,0.0,20,24
Epidemic,0,20,88,,0.0,20,25
Epidemic,0,20,0,,0.0,20,26
Epidemic,0,20,88,,0.0,20,27
Epidemic,0,20,88,,0.0,20,28
Epidemic,0,20,88,,0.0,20,29
Epidemic,0,20,88,,0.0,20,30
Epidemic,1,1,9,0.8650213874657807,0.8593288668428897,20,31
Epidemic,0,20,88,,0.0,20,32
Epidemic,0,20,88,,0.0,20,33
Epidemic,1,4,24,0.8279773056376605,0.572207036711939,20,34
Epidemic,1,4,44,0.9569625982093259,0.37220703671193894,20,35
Epidemic,1,3,44,0.5560621046716581,0.41555919037101846,20,36
Epidemic,0,20,88,,0.0,20,37
Epidemic,1,9,61,0.9318593106013588,0.016253523657556057,20,38
Epidemic,0,20,88,,0.0,20,39
Epidemic,0,20,1,,0.0,20,40
Epidemic,0,20,88,,0.0,20,41
Epidemic,0,20,88,,0.0,20,42
Epidemic,0,20,88,,0.0,20,43
Epidemic,0,20,88,,0.0,20,44
Epidemic,0,20,88,,0.0,20,45
Epidemic,1,7,54,0.4932905254727865,0.15489119474291058,20,46
Epidemic,1,6,43,0.4826042648854112,0.30198152822831265,20,47
Epidemic,0,20,0,,0.0,20,48
Epidemic,0,20,88,,0.0,20,49
Epidemic,0,20,88,,0.0,20,50
Epidemic,0,20,88,,0.0,20,51
Epidemic,0,20,88,,0.0,20,52
Epidemic,1,11,55,0.9230604964176797,0.014395518119358242,20,53
Epidemic,0,20,88,,0.0,20,54
Epidemic,1,6,45,0.6275354252194905,0.28198152822831263,20,55
Epidemic,0,20,88,,0.0,20,56
Epidemic,1,6,14,0.9161092706345882,0.5919815282283126,20,57
Epidemic,0,20,88,,0.0,20,58
Epidemic,1,7,58,0.9464586987621468,0.11489119474291065,20,59
Epidemic,0,20,88,,0.0,20,60
Epidemic,1,4,43,0.9165241187345994,0.38220703671193895,20,61
Epidemic,1,4,40,0.941631713329128,0.4122070367119389,20,62
Epidemic,0,20,88,,0.0,20,63
Epidemic,0,20,88,,0.0,20,64
Epidemic,0,20,88,,0.0,20,65
Epidemic,0,20,88,,0.0,20,66
Epidemic,1,2,23,0.9005587180234962,0.6712252974212047,20,67
Epidemic,1,5,54,0.7827888728523451,0.23105158580356633,20,68
Epidemic,1,1,15,0.9555828548449554,0.7993288668428896,20,69
Epidemic,0,20,88,,0.0,20,70
Epidemic,1,8,62,0.6758198599464286,0.039680270484389046,20,71
Epidemic,0,20,88,,0.0,20,72
Epidemic,1,2,7,0.8938297614649109,0.8312252974212047,20,73
Epidemic,0,20,88,,0.0,20,74
Epidemic,1,7,61,0.7467149452988413,0.08489119474291063,20,75
Epidemic,0,20,88,,0.0,20,76
Epidemic,1,11,85,0.9436064743676266,0.0,20,77
Epidemic,0,20,88,,0.0,20,78
Epidemic,0,20,0,,0.0,20,79
Epidemic,0,20,88,,0.0,20,80
Epidemic,0,20,88,,0.0,20,81
Epidemic,0,20,88,,0.0,20,82
Epidemic,0,20,88,,0.0,20,83
Epidemic,0,20,88,,0.0,20,84
Epidemic,0,20,0,,0.0,20,85
Epidemic,0,20,88,,0.0,20,86
Epidemic,1,4,40,0.8776522806303297,0.4122070367119389,20,87
Epidemic,1,10,79,0.9476584039050424,0.0,20,88
Epidemic,0,20,88,,0.0,20,89
Epidemic,1,11,61,0.9648479397741615,0.0,20,90
Epidemic,0,20,3,,0.0,20,91
Epidemic,1,11,79,0.9315029729945332,0.0,20,92
Epidemic,1,9,61,0.9346441761085833,0.016253523657556057,20,93
Epidemic,1,9,56,0.9664995026807752,0.06625352365755599,20,94
Epidemic,1,8,45,0.8719557820650904,0.20968027048438903,20,95
Epidemic,0,20,3,,0.0,20,96
Epidemic,0,20,88,,0.0,20,97
Epidemic,1,2,25,0.866857982727596,0.6512252974212047,20,98
Epidemic,0,20,88,,0.0,20,99
Epidemic,1,14,85,0.8352266890387466,0.0,20,100
Epidemic,1,7,74,0.7902695201861132,0.0,20,101
Epidemic,0,20,88,,0.0,20,102
Epidemic,0,20,88,,0.0,20,103
Epidemic,0,20,88,,0.0,20,104
Epidemic,0,20,0,,0.0,20,105
Epidemic,1,2,6,0.49649352122738544,0.8412252974212047,20,106
Epidemic,0,20,88,,0.0,20,107
Epidemic,1,6,47,0.4897723044650975,0.2619815282283126,20,108
Epidemic,0,20,88,,0.0,20,109
Epidemic,0,20,88,,0.0,20,110
Epidemic,1,3,18,0.5805170120128947,0.6755591903710185,20,111
Epidemic,1,4,13,0.8202792380662702,0.6822070367119389,20,112
Epidemic,0,20,88,,0.0,20,113
Epidemic,0,20,88,,0.0,20,114
Epidemic,1,9,21,0.9160290584503736,0.4162535236575561,20,115
Epidemic,0,20,88,,0.0,20,116
Epidemic,1,4,48,0.9735832256171153,0.33220703671193896,20,117
Epidemic,0,20,88,,0.0,20,118
Epidemic,0,20,88,,0.0,20,119
Epidemic,0,20,88,,0.0,20,120
Epidemic,0,20,88,,0.0,20,121
Epidemic,0,20,88,,0.0,20,122
Epidemic,0,20,88,,0.0,20,123
Epidemic,0,20,88,,0.0,20,124
Epidemic,1,7,49,0.944670722820198,0.20489119474291062,20,125
Epidemic,0,20,88,,0.0,20,126
Epidemic,1,12,88,0.8706721030982433,0.0,20,127
Epidemic,0,20,88,,0.0,20,128
Epidemic,1,7,60,0.9647647429555504,0.09489119474291063,20,129
Epidemic,1,6,58,0.8119181909272021,0.15198152822831268,20,130
Epidemic,1,9,73,0.8724259121546525,0.0,20,131
Epidemic,0,20,88,,0.0,20,132
Epidemic,0,20,88,,0.0,20,133
Epidemic,1,8,77,0.9078418076122428,0.0,20,134
Epidemic,1,4,18,0.7337580048802342,0.632207036711939,20,135
Epidemic,1,15,85,0.11903473233319128,0.0,20,136
Epidemic,1,8,55,0.8288716804334169,0.109680270484389,20,137
Epidemic,0,20,88,,0.0,20,138
Epidemic,0,20,3,,0.0,20,139
Epidemic,0,20,88,,0.0,20,140
Epidemic,0,20,88,,0.0,20,141
Epidemic,1,1,12,0.8612272512870913,0.8293288668428896,20,142
Epidemic,1,10,57,0.9623608806631274,0.024520547970194206,20,143
Epidemic,0,20,88,,0.0,20,144
Epidemic,1,4,16,0.9826148026937911,0.6522070367119389,20,145
Epidemic,0,20,88,,0.0,20,146
Epidemic,0,20,88,,0.0,20,147
Epidemic,0,20,88,,0.0,20,148
Epidemic,0,20,3,,0.0,20,149
Epidemic,1,3,14,0.8896840827207111,0.7155591903710184,20,150
Epidemic,0,20,3,,0.0,20,151
Epidemic,1,7,54,0.6444847248092985,0.15489119474291058,20,152
Epidemic,1,9,74,0.6083469475279427,0.0,20,153
Epidemic,1,3,45,0.5382982510885098,0.40555919037101845,20,154
Epidemic,1,9,61,0.7407693110754858,0.016253523657556057,20,155
Epidemic,0,20,0,,0.0,20,156
Epidemic,0,20,88,,0.0,20,157
Epidemic,1,18,85,0.8188556382665652,0.0,20,158
Epidemic,1,4,52,0.42575432364262544,0.29220703671193893,20,159
Epidemic,0,20,88,,0.0,20,160
Epidemic,0,20,88,,0.0,20,161
Epidemic,0,20,88,,0.0,20,162
Epidemic,0,20,88,,0.0,20,163
Epidemic,0,20,0,,0.0,20,164
Epidemic,0,20,88,,0.0,20,165
Epidemic,0,20,88,,0.0,20,166
Epidemic,0,20,88,,0.0,20,167
Epidemic,0,20,88,,0.0,20,168
Epidemic,0,20,88,,0.0,20,169
Epidemic,0,20,88,,0.0,20,170
Epidemic,1,1,16,0.86911616640972,0.7893288668428896,20,171
Epidemic,0,20,88,,0.0,20,172
Epidemic,0,20,88,,0.0,20,173
Epidemic,0,20,88,,0.0,20,174
Epidemic,1,8,43,0.8427547655291427,0.22968027048438905,20,175
Epidemic,1,8,54,0.372079021166282,0.119680270484389,20,176
Epidemic,0,20,88,,0.0,20,177
Epidemic,0,20,0,,0.0,20,178
Epidemic,1,13,85,0.9969733911727547,0.0,20,179
Epidemic,0,20,88,,0.0,20,180
Epidemic,1,6,70,0.8805642918885486,0.03198152822831257,20,181
Epidemic,1,2,28,0.8799131930473321,0.6212252974212047,20,182
Epidemic,1,11,74,0.5458581382231664,0.0,20,183
Epidemic,0,20,88,,0.0,20,184
Epidemic,0,20,88,,0.0,20,185
Epidemic,0,20,88,,0.0,20,186
Epidemic,0,20,88,,0.0,20,187
Epidemic,1,2,27,0.5561225200195024,0.6312252974212047,20,188
Epidemic,0,20,0,,0.0,20,189
Epidemic,0,20,88,,0.0,20,190
Epidemic,1,16,77,0.9686997598690612,0.0,20,191
Epidemic,1,5,43,0.8878982742665338,0.34105158580356637,20,192
Epidemic,0,20,88,,0.0,20,193
Epidemic,0,20,88,,0.0,20,194
Epidemic,1,7,47,0.8319287484413904,0.22489119474291058,20,195
Epidemic,0,20,0,,0.0,20,196
Epidemic,1,7,70,0.9527752535818999,0.0,20,197
Epidemic,0,20,88,,0.0,20,198
Epidemic,0,20,88,,0.0,20,199
Epidemic,0,30,88,,0.0,30,0
Epidemic,0,30,88,,0.0,30,1
Epidemic,0,30,88,,0.0,30,2
Epidemic,0,30,88,,0.0,30,3
Epidemic,0,30,88,,0.0,30,4
Epidemic,1,0,1,0.9736596415810059,0.99,30,5
Epidemic,0,30,0,,0.0,30,6
Epidemic,1,6,30,0.9992455223297201,0.43198152822831265,30,7
Epidemic,0,30,88,,0.0,30,8
Epidemic,1,3,31,0.9878477854819352,0.5455591903710184,30,9
Epidemic,1,0,1,0.9936951497262059,0.99,30,10
Epidemic,0,30,3,,0.0,30,11
Epidemic,0,30,0,,0.0,30,12
Epidemic,0,30,88,,0.0,30,13
Epidemic,1,12,76,0.8092133690638849,0.0,30,14
Epidemic,1,7,60,0.8265087962338626,0.09489119474291063,30,15
Epidemic,0,30,88,,0.0,30,16
Epidemic,0,30,88,,0.0,30,17
Epidemic,0,30,88,,0.0,30,18
Epidemic,0,30,88,,0.0,30,19
Epidemic,0,30,88,,0.0,30,20
Epidemic,1,8,45,0.9007853339563876,0.20968027048438903,30,21
Epidemic,0,30,88,,0.0,30,22
Epidemic,0,30,0,,0.0,30,23
Epidemic,1,4,43,0.7244653820556283,0.38220703671193895,30,24
Epidemic,0,30,88,,0.0,30,25
Epidemic,1,13,85,0.9457074270946147,0.0,30,26
Epidemic,0,30,0,,0.0,30,27
Epidemic,0,30,88,,0.0,30,28
Epidemic,0,30,0,,0.0,30,29
Epidemic,0,30,88,,0.0,30,30
Epidemic,0,30,88,,0.0,30,31
Epidemic,0,30,0,,0.0,30,32
Epidemic,1,5,18,0.8769419324104653,0.5910515858035663,30,33
Epidemic,1,4,35,0.8558927802811903,0.4622070367119389,30,34
Epidemic,1,3,10,0.7852374723274351,0.7555591903710185,30,35
Epidemic,1,11,89,0.9574718862562009,0.0,30,36
Epidemic,1,1,11,0.983440632979733,0.8393288668428897,30,37
Epidemic,0,30,88,,0.0,30,38
Epidemic,1,4,11,0.5650925925548422,0.702207036711939,30,39
Epidemic,0,30,88,,0.0,30,40
Epidemic,0,30,88,,0.0,30,41
Epidemic,0,30,88,,0.0,30,42
Epidemic,0,30,3,,0.0,30,43
Epidemic,0,30,3,,0.0,30,44
Epidemic,0,30,88,,0.0,30,45
Epidemic,0,30,88,,0.0,30,46
Epidemic,1,9,73,0.6805030257439373,0.0,30,47
Epidemic,0,30,88,,0.0,30,48
Epidemic,0,30,88,,0.0,30,49
Epidemic,1,8,73,0.8751534324325752,0.0,30,50
Epidemic,0,30,88,,0.0,30,51
Epidemic,1,4,46,0.5679474057248337,0.3522070367119389,30,52
Epidemic,0,30,0,,0.0,30,53
Epidemic,1,3,35,0.9883969276970275,0.5055591903710184,30,54
Epidemic,0,30,88,,0.0,30,55
Epidemic,0,30,88,,0.0,30,56
Epidemic,0,30,88,,0.0,30,57
Epidemic,1,2,16,0.5425952557529308,0.7412252974212047,30,58
Epidemic,0,30,88,,0.0,30,59
Epidemic,1,9,75,0.9352365887653395,0.0,30,60
Epidemic,0,30,88,,0.0,30,61
Epidemic,0,30,88,,0.0,30,62
Epidemic,1,5,47,0.3091919449259339,0.30105158580356634,30,63
Epidemic,0,30,88,,0.0,30,64
Epidemic,0,30,88,,0.0,30,65
Epidemic,0,30,88,,0.0,30,66
Epidemic,0,30,88,,0.0,30,67
Epidemic,0,30,3,,0.0,30,68
Epidemic,1,5,40,0.7039712597981486,0.37105158580356634,30,69
Epidemic,0,30,88,,0.0,30,70
Epidemic,1,2,15,0.16462591132024618,0.7512252974212047,30,71
Epidemic,0,30,88,,0.0,30,72
Epidemic,0,30,88,,0.0,30,73
Epidemic,0,30,88,,0.0,30,74
Epidemic,0,30,88,,0.0,30,75
Epidemic,0,30,0,,0.0,30,76
Epidemic,1,16,85,0.8585025002119707,0.0,30,77
Epidemic,0,30,3,,0.0,30,78
Epidemic,0,30,88,,0.0,30,79
Epidemic,0,30,88,,0.0,30,80
Epidemic,1,12,61,0.9907085289284637,0.0,30,81
Epidemic,0,30,88,,0.0,30,82
Epidemic,1,8,60,0.9736750558069556,0.059680270484389064,30,83
Epidemic,0,30,88,,0.0,30,84
Epidemic,0,30,0,,0.0,30,85
Epidemic,0,30,88,,0.0,30,86
Epidemic,0,30,88,,0.0,30,87
Epidemic,0,30,88,,0.0,30,88
Epidemic,0,30,88,,0.0,30,89
Epidemic,0,30,88,,0.0,30,90
Epidemic,0,30,88,,0.0,30,91
Epidemic,0,30,88,,0.0,30,92
Epidemic,0,30,88,,0.0,30,93
Epidemic,0,30,88,,0.0,30,94
Epidemic,0,30,88,,0.0,30,95
Epidemic,1,8,56,0.9331290456604712,0.09968027048438899,30,96
Epidemic,0,30,88,,0.0,30,97
Epidemic,1,2,26,0.9669996687520563,0.6412252974212047,30,98
Epidemic,0,30,88,,0.0,30,99
Epidemic,1,2,13,0.3637621778587119,0.7712252974212047,30,100
Epidemic,0,30,88,,0.0,30,101
Epidemic,1,5,18,0.9862167804312031,0.5910515858035663,30,102
Epidemic,0,30,88,,0.0,30,103
Epidemic,0,30,88,,0.0,30,104
Epidemic,0,30,88,,0.0,30,105
Epidemic,0,30,88,,0.0,30,106
Epidemic,0,30,0,,0.0,30,107
Epidemic,1,4,36,0.942994777314256,0.45220703671193896,30,108
Epidemic,0,30,3,,0.0,30,109
Epidemic,0,30,88,,0.0,30,110
Epidemic,0,30,3,,0.0,30,111
Epidemic,0,30,88,,0.0,30,112
Epidemic,1,13,86,0.2599894071169827,0.0,30,113
Epidemic,1,3,42,0.847456806731796,0.4355591903710185,30,114
Epidemic,0,30,88,,0.0,30,115
Epidemic,1,5,43,0.9302630481469234,0.34105158580356637,30,116
Epidemic,0,30,88,,0.0,30,117
Epidemic,0,30,88,,0.0,30,118
Epidemic,0,30,88,,0.0,30,119
Epidemic,0,30,88,,0.0,30,120
Epidemic,0,30,88,,0.0,30,121
Epidemic,1,2,5,0.8530240036405732,0.8512252974212047,30,122
Epidemic,1,2,28,0.7748253163813845,0.6212252974212047,30,123
Epidemic,0,30,88,,0.0,30,124
Epidemic,1,9,60,0.9109108206573264,0.026253523657556066,30,125
Epidemic,1,3,37,0.7741305572468153,0.48555919037101847,30,126
Epidemic,0,30,88,,0.0,30,127
Epidemic,0,30,88,,0.0,30,128
Epidemic,0,30,88,,0.0,30,129
Epidemic,0,30,0,,0.0,30,130
Epidemic,1,11,55,0.9912920462800778,0.014395518119358242,30,131
Epidemic,0,30,88,,0.0,30,132
Epidemic,0,30,88,,0.0,30,133
Epidemic,0,30,88,,0.0,30,134
Epidemic,1,5,46,0.9663333110316945,0.31105158580356634,30,135
Epidemic,0,30,88,,0.0,30,136
Epidemic,0,30,88,,0.0,30,137
Epidemic,1,1,8,0.9856414205950117,0.8693288668428897,30,138
Epidemic,1,10,60,0.47051329312112417,0.0,30,139
Epidemic,0,30,88,,0.0,30,140
Epidemic,1,11,61,0.880704729097173,0.0,30,141
Epidemic,0,30,88,,0.0,30,142
Epidemic,0,30,88,,0.0,30,143
Epidemic,0,30,88,,0.0,30,144
Epidemic,0,30,88,,0.0,30,145
Epidemic,0,30,3,,0.0,30,146
Epidemic,1,2,25,0.684266907870139,0.6512252974212047,30,147
Epidemic,0,30,88,,0.0,30,148
Epidemic,1,7,54,0.856167687777744,0.15489119474291058,30,149
Epidemic,1,6,43,0.6817268403560037,0.30198152822831265,30,150
Epidemic,0,30,88,,0.0,30,151
Epidemic,1,14,61,0.6356020838574588,0.0,30,152
Epidemic,1,13,76,0.834266253539786,0.0,30,153
Epidemic,1,8,43,0.7912600436781669,0.22968027048438905,30,154
Epidemic,0,30,88,,0.0,30,155
Epidemic,0,30,88,,0.0,30,156
Epidemic,0,30,88,,0.0,30,157
Epidemic,0,30,88,,0.0,30,158
Epidemic,0,30,88,,0.0,30,159
Epidemic,1,6,58,0.9902290258427778,0.15198152822831268,30,160
Epidemic,0,30,88,,0.0,30,161
Epidemic,1,12,61,0.8301121503643643,0.0,30,162
Epidemic,0,30,88,,0.0,30,163
Epidemic,0,30,1,,0.0,30,164
Epidemic,1,11,55,0.9729511885515144,0.014395518119358242,30,165
Epidemic,0,30,88,,0.0,30,166
Epidemic,0,30,88,,0.0,30,167
Epidemic,0,30,88,,0.0,30,168
Epidemic,0,30,88,,0.0,30,169
Epidemic,1,3,18,0.8755949102463579,0.6755591903710185,30,170
Epidemic,1,5,19,0.8560663482337515,0.5810515858035663,30,171
Epidemic,0,30,0,,0.0,30,172
Epidemic,0,30,88,,0.0,30,173
Epidemic,0,30,88,,0.0,30,174
Epidemic,0,30,88,,0.0,30,175
Epidemic,1,3,34,0.9917451585981524,0.5155591903710184,30,176
Epidemic,0,30,88,,0.0,30,177
Epidemic,1,7,66,0.9424126363057247,0.03489119474291058,30,178
Epidemic,0,30,1,,0.0,30,179
Epidemic,1,1,19,0.9419065131654534,0.7593288668428897,30,180
Epidemic,0,30,3,,0.0,30,181
Epidemic,0,30,88,,0.0,30,182
Epidemic,1,3,35,0.9188513155617464,0.5055591903710184,30,183
Epidemic,1,14,86,0.9053014202325161,0.0,30,184
Epidemic,0,30,88,,0.0,30,185
Epidemic,0,30,88,,0.0,30,186
Epidemic,0,30,88,,0.0,30,187
Epidemic,0,30,88,,0.0,30,188
Epidemic,0,30,3,,0.0,30,189
Epidemic,1,9,61,0.8963943257596624,0.016253523657556057,30,190
Epidemic,1,13,55,0.7228759381726222,0.0,30,191
Epidemic,1,4,17,0.7985278665397185,0.6422070367119389,30,192
Epidemic,0,30,88,,0.0,30,193
Epidemic,0,30,3,,0.0,30,194
Epidemic,0,30,88,,0.0,30,195
Epidemic,0,30,88,,0.0,30,196
Epidemic,1,5,50,0.9957596229461004,0.27105158580356636,30,197
Epidemic,0,30,0,,0.0,30,198
Epidemic,0,30,88,,0.0,30,199
Epidemic,0,40,88,,0.0,40,0
Epidemic,0,40,88,,0.0,40,1
Epidemic,0,40,0,,0.0,40,2
Epidemic,0,40,88,,0.0,40,3
Epidemic,0,40,0,,0.0,40,4
Epidemic,0,40,88,,0.0,40,5
Epidemic,1,9,60,0.5361480794712283,0.026253523657556066,40,6
Epidemic,0,40,88,,0.0,40,7
Epidemic,0,40,88,,0.0,40,8
Epidemic,0,40,88,,0.0,40,9
Epidemic,1,8,58,0.949204115522243,0.07968027048438908,40,10
Epidemic,0,40,88,,0.0,40,11
Epidemic,0,40,88,,0.0,40,12
Epidemic,0,40,88,,0.0,40,13
Epidemic,0,40,88,,0.0,40,14
Epidemic,0,40,88,,0.0,40,15
Epidemic,0,40,88,,0.0,40,16
Epidemic,0,40,0,,0.0,40,17
Epidemic,1,5,49,0.6660360610040086,0.2810515858035664,40,18
Epidemic,0,40,88,,0.0,40,19
Epidemic,1,3,31,0.967968819758243,0.5455591903710184,40,20
Epidemic,0,40,88,,0.0,40,21
Epidemic,0,40,88,,0.0,40,22
Epidemic,0,40,88,,0.0,40,23
Epidemic,1,2,32,0.5144200412508462,0.5812252974212047,40,24
Epidemic,0,40,88,,0.0,40,25
Epidemic,0,40,88,,0.0,40,26
Epidemic,0,40,88,,0.0,40,27
Epidemic,0,40,88,,0.0,40,28
Epidemic,0,40,0,,0.0,40,29
Epidemic,0,40,88,,0.0,40,30
Epidemic,0,40,88,,0.0,40,31
Epidemic,1,10,61,0.41346995757103594,0.0,40,32
Epidemic,1,9,54,0.13248035049993145,0.08625352365755601,40,33
Epidemic,0,40,88,,0.0,40,34
Epidemic,0,40,88,,0.0,40,35
Epidemic,0,40,88,,0.0,40,36
Epidemic,0,40,88,,0.0,40,37
Epidemic,0,40,1,,0.0,40,38
Epidemic,0,40,88,,0.0,40,39
Epidemic,0,40,88,,0.0,40,40
Epidemic,0,40,88,,0.0,40,41
Epidemic,1,6,18,0.6400933689894397,0.5519815282283127,40,42
Epidemic,0,40,88,,0.0,40,43
Epidemic,1,5,43,0.9829719108560768,0.34105158580356637,40,44
Epidemic,0,40,88,,0.0,40,45
Epidemic,1,12,60,0.9005915863635572,0.0,40,46
Epidemic,0,40,88,,0.0,40,47
Epidemic,0,40,88,,0.0,40,48
Epidemic,0,40,88,,0.0,40,49
Epidemic,0,40,88,,0.0,40,50
Epidemic,0,40,88,,0.0,40,51
Epidemic,0,40,88,,0.0,40,52
Epidemic,0,40,88,,0.0,40,53
Epidemic,1,4,43,0.2565520271611512,0.38220703671193895,40,54
Epidemic,0,40,3,,0.0,40,55
Epidemic,0,40,88,,0.0,40,56
Epidemic,0,40,0,,0.0,40,57
Epidemic,0,40,88,,0.0,40,58
Epidemic,1,8,62,0.6433927241223861,0.039680270484389046,40,59
Epidemic,1,2,4,0.5644698204806875,0.8612252974212047,40,60
Epidemic,1,3,30,0.9090662032678284,0.5555591903710184,40,61
Epidemic,1,10,60,0.572679960509114,0.0,40,62
Epidemic,0,40,88,,0.0,40,63
Epidemic,0,40,88,,0.0,40,64
Epidemic,1,13,55,0.6371129797321551,0.0,40,65
Epidemic,0,40,88,,0.0,40,66
Epidemic,0,40,88,,0.0,40,67
Epidemic,1,4,36,0.9196634013123786,0.45220703671193896,40,68
Epidemic,0,40,88,,0.0,40,69
Epidemic,0,40,88,,0.0,40,70
Epidemic,1,6,54,0.625944934644925,0.1919815282283126,40,71
Epidemic,0,40,88,,0.0,40,72
Epidemic,0,40,88,,0.0,40,73
Epidemic,0,40,88,,0.0,40,74
Epidemic,0,40,88,,0.0,40,75
Epidemic,0,40,88,,0.0,40,76
Epidemic,0,40,88,,0.0,40,77
Epidemic,0,40,88,,0.0,40,78
Epidemic,0,40,0,,0.0,40,79
Epidemic,0,40,88,,0.0,40,80
Epidemic,0,40,88,,0.0,40,81
Epidemic,0,40,88,,0.0,40,82
Epidemic,0,40,88,,0.0,40,83
Epidemic,0,40,0,,0.0,40,84
Epidemic,0,40,88,,0.0,40,85
Epidemic,0,40,88,,0.0,40,86
Epidemic,0,40,88,,0.0,40,87
Epidemic,0,40,0,,0.0,40,88
Epidemic,0,40,88,,0.0,40,89
Epidemic,0,40,88,,0.0,40,90
Epidemic,1,6,36,0.8800671090073678,0.37198152822831265,40,91
Epidemic,0,40,88,,0.0,40,92
Epidemic,0,40,1,,0.0,40,93
Epidemic,0,40,88,,0.0,40,94
Epidemic,0,40,88,,0.0,40,95
Epidemic,0,40,0,,0.0,40,96
Epidemic,0,40,88,,0.0,40,97
Epidemic,0,40,88,,0.0,40,98
Epidemic,0,40,88,,0.0,40,99
Epidemic,0,40,88,,0.0,40,100
Epidemic,0,40,88,,0.0,40,101
Epidemic,1,10,61,0.9203442339985797,0.0,40,102
Epidemic,0,40,88,,0.0,40,103
Epidemic,0,40,88,,0.0,40,104
Epidemic,0,40,88,,0.0,40,105
Epidemic,0,40,88,,0.0,40,106
Epidemic,0,40,88,,0.0,40,107
Epidemic,0,40,88,,0.0,40,108
Epidemic,1,6,36,0.5434065624095217,0.37198152822831265,40,109
Epidemic,1,14,85,0.9163659202514626,0.0,40,110
Epidemic,0,40,88,,0.0,40,111
Epidemic,0,40,88,,0.0,40,112
Epidemic,1,7,45,0.9327123790387812,0.2448911947429106,40,113
Epidemic,1,5,23,0.858183714362834,0.5410515858035664,40,114
Epidemic,0,40,88,,0.0,40,115
Epidemic,0,40,88,,0.0,40,116
Epidemic,1,3,36,0.7139139133466782,0.4955591903710185,40,117
Epidemic,0,40,88,,0.0,40,118
Epidemic,0,40,88,,0.0,40,119
Epidemic,0,40,88,,0.0,40,120
Epidemic,1,9,56,0.6987721769524489,0.06625352365755599,40,121
Epidemic,1,15,88,0.7356128573708056,0.0,40,122
Epidemic,0,40,88,,0.0,40,123
Epidemic,1,8,62,0.733978957211388,0.039680270484389046,40,124
Epidemic,0,40,88,,0.0,40,125
Epidemic,0,40,88,,0.0,40,126
Epidemic,0,40,88,,0.0,40,127
Epidemic,1,11,55,0.8672499408918177,0.014395518119358242,40,128
Epidemic,0,40,0,,0.0,40,129
Epidemic,0,40,88,,0.0,40,130
Epidemic,0,40,88,,0.0,40,131
Epidemic,1,2,4,0.9889524446941661,0.8612252974212047,40,132
Epidemic,0,40,88,,0.0,40,133
Epidemic,1,10,77,0.838667540573542,0.0,40,134
Epidemic,1,15,88,0.6765495758918916,0.0,40,135
Epidemic,0,40,88,,0.0,40,136
Epidemic,1,2,27,0.5209036164805514,0.6312252974212047,40,137
Epidemic,0,40,88,,0.0,40,138
Epidemic,1,6,56,0.7352529703979291,0.17198152822831259,40,139
Epidemic,0,40,88,,0.0,40,140
Epidemic,0,40,88,,0.0,40,141
Epidemic,1,15,74,0.44657204010673995,0.0,40,142
Epidemic,1,6,18,0.6465772595173374,0.5519815282283127,40,143
Epidemic,1,4,17,0.9156720836099009,0.6422070367119389,40,144
Epidemic,0,40,0,,0.0,40,145
Epidemic,0,40,88,,0.0,40,146
Epidemic,1,3,15,0.8609369696822695,0.7055591903710184,40,147
Epidemic,1,2,14,0.5417233286094336,0.7612252974212047,40,148
Epidemic,1,7,47,0.9453519034221708,0.22489119474291058,40,149
Epidemic,0,40,88,,0.0,40,150
Epidemic,0,40,88,,0.0,40,151
Epidemic,0,40,88,,0.0,40,152
Epidemic,0,40,88,,0.0,40,153
Epidemic,1,4,45,0.4974215078605849,0.36220703671193893,40,154
Epidemic,0,40,88,,0.0,40,155
Epidemic,0,40,88,,0.0,40,156
Epidemic,0,40,88,,0.0,40,157
Epidemic,1,6,43,0.9207860925809085,0.30198152822831265,40,158
Epidemic,0,40,88,,0.0,40,159
Epidemic,0,40,88,,0.0,40,160
Epidemic,1,6,56,0.8832116478983792,0.17198152822831259,40,161
Epidemic,1,12,88,0.9555230455195853,0.0,40,162
Epidemic,0,40,0,,0.0,40,163
Epidemic,1,3,14,0.9999546232779364,0.7155591903710184,40,164
Epidemic,0,40,88,,0.0,40,165
Epidemic,0,40,88,,0.0,40,166
Epidemic,0,40,88,,0.0,40,167
Epidemic,1,7,70,0.9750958588187287,0.0,40,168
Epidemic,0,40,88,,0.0,40,169
Epidemic,0,40,3,,0.0,40,170
Epidemic,0,40,88,,0.0,40,171
Epidemic,0,40,88,,0.0,40,172
Epidemic,0,40,0,,0.0,40,173
Epidemic,0,40,88,,0.0,40,174
Epidemic,0,40,0,,0.0,40,175
Epidemic,1,5,23,0.8870631947348663,0.5410515858035664,40,176
Epidemic,0,40,88,,0.0,40,177
Epidemic,0,40,88,,0.0,40,178
Epidemic,0,40,88,,0.0,40,179
Epidemic,1,10,74,0.9058982176539829,0.0,40,180
Epidemic,1,5,58,0.8102293379588461,0.1910515858035664,40,181
Epidemic,0,40,88,,0.0,40,182
Epidemic,0,40,88,,0.0,40,183
Epidemic,0,40,88,,0.0,40,184
Epidemic,0,40,3,,0.0,40,185
Epidemic,0,40,88,,0.0,40,186
Epidemic,0,40,88,,0.0,40,187
Epidemic,0,40,88,,0.0,40,188
Epidemic,1,6,45,0.7769101928426144,0.28198152822831263,40,189
Epidemic,1,2,23,0.5047389520585925,0.6712252974212047,40,190
Epidemic,0,40,88,,0.0,40,191
Epidemic,0,40,88,,0.0,40,192
Epidemic,1,4,16,0.9612299283134833,0.6522070367119389,40,193
Epidemic,0,40,88,,0.0,40,194
Epidemic,0,40,88,,0.0,40,195
Epidemic,1,5,40,0.9865567114860629,0.37105158580356634,40,196
Epidemic,0,40,3,,0.0,40,197
Epidemic,1,4,49,0.780263543372464,0.32220703671193895,40,198
Epidemic,1,3,40,0.8887796272609239,0.45555919037101844,40,199
RandomWalk,0,5,5,,0.0,10,0
RandomWalk,0,10,10,,0.0,10,1
RandomWalk,0,0,0,,0.0,10,2
RandomWalk,1,1,2,0.9494149653064606,0.9293288668428896,10,3
RandomWalk,0,6,6,,0.0,10,4
RandomWalk,0,3,3,,0.0,10,5
RandomWalk,0,3,3,,0.0,10,6
RandomWalk,0,10,10,,0.0,10,7
RandomWalk,0,7,7,,0.0,10,8
RandomWalk,0,10,10,,0.0,10,9
RandomWalk,0,10,10,,0.0,10,10
RandomWalk,0,10,10,,0.0,10,11
RandomWalk,0,8,8,,0.0,10,12
RandomWalk,0,0,0,,0.0,10,13
RandomWalk,0,10,10,,0.0,10,14
RandomWalk,0,9,9,,0.0,10,15
RandomWalk,0,10,10,,0.0,10,16
RandomWalk,0,7,7,,0.0,10,17
RandomWalk,0,10,10,,0.0,10,18
RandomWalk,0,10,10,,0.0,10,19
RandomWalk,0,6,6,,0.0,10,20
RandomWalk,0,10,10,,0.0,10,21
RandomWalk,0,10,10,,0.0,10,22
RandomWalk,0,10,10,,0.0,10,23
RandomWalk,0,10,10,,0.0,10,24
RandomWalk,0,8,8,,0.0,10,25
RandomWalk,0,3,3,,0.0,10,26
RandomWalk,0,10,10,,0.0,10,27
RandomWalk,0,9,9,,0.0,10,28
RandomWalk,0,0,0,,0.0,10,29
RandomWalk,0,3,3,,0.0,10,30
RandomWalk,0,6,6,,0.0,10,31
RandomWalk,0,10,10,,0.0,10,32
RandomWalk,0,3,3,,0.0,10,33
RandomWalk,0,3,3,,0.0,10,34
RandomWalk,0,10,10,,0.0,10,35
RandomWalk,0,10,10,,0.0,10,36
RandomWalk,0,7,7,,0.0,10,37
RandomWalk,0,10,10,,0.0,10,38
RandomWalk,0,10,10,,0.0,10,39
RandomWalk,0,10,10,,0.0,10,40
RandomWalk,0,2,2,,0.0,10,41
RandomWalk,0,10,10,,0.0,10,42
RandomWalk,0,8,8,,0.0,10,43
RandomWalk,0,1,1,,0.0,10,44
RandomWalk,0,10,10,,0.0,10,45
RandomWalk,0,8,8,,0.0,10,46
RandomWalk,0,2,2,,0.0,10,47
RandomWalk,1,2,3,0.780084549460221,0.8712252974212047,10,48
RandomWalk,0,10,10,,0.0,10,49
RandomWalk,0,6,6,,0.0,10,50
RandomWalk,0,1,1,,0.0,10,51
RandomWalk,0,2,2,,0.0,10,52
RandomWalk,0,2,2,,0.0,10,53
RandomWalk,0,10,10,,0.0,10,54
RandomWalk,0,10,10,,0.0,10,55
RandomWalk,0,10,10,,0.0,10,56
RandomWalk,0,10,10,,0.0,10,57
RandomWalk,0,5,5,,0.0,10,58
RandomWalk,0,10,10,,0.0,10,59
RandomWalk,0,3,3,,0.0,10,60
RandomWalk,0,10,10,,0.0,10,61
RandomWalk,0,6,6,,0.0,10,62
RandomWalk,0,10,10,,0.0,10,63
RandomWalk,0,2,2,,0.0,10,64
RandomWalk,1,8,9,0.9284100353149868,0.5696802704843891,10,65
RandomWalk,0,6,6,,0.0,10,66
RandomWalk,0,5,5,,0.0,10,67
RandomWalk,0,10,10,,0.0,10,68
RandomWalk,0,2,2,,0.0,10,69
RandomWalk,0,10,10,,0.0,10,70
RandomWalk,0,10,10,,0.0,10,71
RandomWalk,0,10,10,,0.0,10,72
RandomWalk,0,10,10,,0.0,10,73
RandomWalk,0,6,6,,0.0,10,74
RandomWalk,0,10,10,,0.0,10,75
RandomWalk,0,9,9,,0.0,10,76
RandomWalk,0,3,3,,0.0,10,77
RandomWalk,0,10,10,,0.0,10,78
RandomWalk,0,8,8,,0.0,10,79
RandomWalk,0,10,10,,0.0,10,80
RandomWalk,0,3,3,,0.0,10,81
RandomWalk,0,10,10,,0.0,10,82
RandomWalk,0,6,6,,0.0,10,83
RandomWalk,0,10,10,,0.0,10,84
RandomWalk,0,10,10,,0.0,10,85
RandomWalk,0,10,10,,0.0,10,86
RandomWalk,0,4,4,,0.0,10,87
RandomWalk,0,0,0,,0.0,10,88
RandomWalk,0,2,2,,0.0,10,89
RandomWalk,1,1,2,0.8784285073148754,0.9293288668428896,10,90
RandomWalk,0,10,10,,0.0,10,91
RandomWalk,0,3,3,,0.0,10,92
RandomWalk,0,10,10,,0.0,10,93
RandomWalk,0,10,10,,0.0,10,94
RandomWalk,1,0,1,0.640944756384896,0.99,10,95
RandomWalk,0,10,10,,0.0,10,96
RandomWalk,0,4,4,,0.0,10,97
RandomWalk,0,3,3,,0.0,10,98
RandomWalk,0,10,10,,0.0,10,99
RandomWalk,0,3,3,,0.0,10,100
RandomWalk,0,10,10,,0.0,10,101
RandomWalk,0,10,10,,0.0,10,102
RandomWalk,0,10,10,,0.0,10,103
RandomWalk,0,3,3,,0.0,10,104
RandomWalk,0,4,4,,0.0,10,105
RandomWalk,0,10,10,,0.0,10,106
RandomWalk,0,10,10,,0.0,10,107
RandomWalk,0,4,4,,0.0,10,108
RandomWalk,0,0,0,,0.0,10,109
RandomWalk,0,10,10,,0.0,10,110
RandomWalk,0,4,4,,0.0,10,111
RandomWalk,0,10,10,,0.0,10,112
RandomWalk,0,3,3,,0.0,10,113
RandomWalk,0,6,6,,0.0,10,114
RandomWalk,0,10,10,,0.0,10,115
RandomWalk,0,3,3,,0.0,10,116
RandomWalk,0,10,10,,0.0,10,117
RandomWalk,0,10,10,,0.0,10,118
RandomWalk,1,3,4,0.967069230321359,0.8155591903710184,10,119
RandomWalk,0,7,7,,0.0,10,120
RandomWalk,0,7,7,,0.0,10,121
RandomWalk,0,10,10,,0.0,10,122
RandomWalk,0,0,0,,0.0,10,123
RandomWalk,0,6,6,,0.0,10,124
RandomWalk,0,10,10,,0.0,10,125
RandomWalk,0,1,1,,0.0,10,126
RandomWalk,0,7,7,,0.0,10,127
RandomWalk,0,9,9,,0.0,10,128
RandomWalk,0,3,3,,0.0,10,129
RandomWalk,0,10,10,,0.0,10,130
RandomWalk,1,7,8,0.5241959606564132,0.6148911947429107,10,131
RandomWalk,0,0,0,,0.0,10,132
RandomWalk,0,4,4,,0.0,10,133
RandomWalk,0,10,10,,0.0,10,134
RandomWalk,0,4,4,,0.0,10,135
RandomWalk,0,10,10,,0.0,10,136
RandomWalk,0,3,3,,0.0,10,137
RandomWalk,0,10,10,,0.0,10,138
RandomWalk,0,10,10,,0.0,10,139
RandomWalk,0,10,10,,0.0,10,140
RandomWalk,0,10,10,,0.0,10,141
RandomWalk,0,5,5,,0.0,10,142
RandomWalk,0,5,5,,0.0,10,143
RandomWalk,0,10,10,,0.0,10,144
RandomWalk,0,0,0,,0.0,10,145
RandomWalk,1,0,1,0.9743196926461508,0.99,10,146
RandomWalk,0,10,10,,0.0,10,147
RandomWalk,0,10,10,,0.0,10,148
RandomWalk,0,3,3,,0.0,10,149
RandomWalk,0,10,10,,0.0,10,150
RandomWalk,0,10,10,,0.0,10,151
RandomWalk,0,10,10,,0.0,10,152
RandomWalk,0,6,6,,0.0,10,153
RandomWalk,0,7,7,,0.0,10,154
RandomWalk,0,10,10,,0.0,10,155
RandomWalk,0,4,4,,0.0,10,156
RandomWalk,0,7,7,,0.0,10,157
RandomWalk,0,5,5,,0.0,10,158
RandomWalk,0,0,0,,0.0,10,159
RandomWalk,0,8,8,,0.0,10,160
RandomWalk,0,7,7,,0.0,10,161
RandomWalk,1,4,5,0.5332544849185069,0.7622070367119389,10,162
RandomWalk,0,10,10,,0.0,10,163
RandomWalk,0,0,0,,0.0,10,164
RandomWalk,1,3,4,0.4334619084956427,0.8155591903710184,10,165
RandomWalk,0,10,10,,0.0,10,166
RandomWalk,0,6,6,,0.0,10,167
RandomWalk,1,1,2,0.8194333835948793,0.9293288668428896,10,168
RandomWalk,0,2,2,,0.0,10,169
RandomWalk,0,5,5,,0.0,10,170
RandomWalk,0,0,0,,0.0,10,171
RandomWalk,0,8,8,,0.0,10,172
RandomWalk,0,2,2,,0.0,10,173
RandomWalk,0,10,10,,0.0,10,174
RandomWalk,0,2,2,,0.0,10,175
RandomWalk,1,9,10,0.8606470827190538,0.5262535236575561,10,176
RandomWalk,0,10,10,,0.0,10,177
RandomWalk,0,2,2,,0.0,10,178
RandomWalk,0,10,10,,0.0,10,179
RandomWalk,0,0,0,,0.0,10,180
RandomWalk,0,3,3,,0.0,10,181
RandomWalk,0,0,0,,0.0,10,182
RandomWalk,0,10,10,,0.0,10,183
RandomWalk,0,4,4,,0.0,10,184
RandomWalk,0,6,6,,0.0,10,185
RandomWalk,0,4,4,,0.0,10,186
RandomWalk,0,5,5,,0.0,10,187
RandomWalk,0,3,3,,0.0,10,188
RandomWalk,0,10,10,,0.0,10,189
RandomWalk,0,10,10,,0.0,10,190
RandomWalk,0,0,0,,0.0,10,191
RandomWalk,0,2,2,,0.0,10,192
RandomWalk,0,6,6,,0.0,10,193
RandomWalk,1,5,6,0.8914363702198376,0.7110515858035664,10,194
RandomWalk,0,10,10,,0.0,10,195
RandomWalk,0,10,10,,0.0,10,196
RandomWalk,0,8,8,,0.0,10,197
RandomWalk,0,5,5,,0.0,10,198
RandomWalk,0,10,10,,0.0,10,199
RandomWalk,0,3,3,,0.0,20,0
RandomWalk,0,0,0,,0.0,20,1
RandomWalk,0,0,0,,0.0,20,2
RandomWalk,0,9,9,,0.0,20,3
RandomWalk,0,18,18,,0.0,20,4
RandomWalk,0,16,16,,0.0,20,5
RandomWalk,0,17,17,,0.0,20,6
RandomWalk,0,20,20,,0.0,20,7
RandomWalk,0,20,20,,0.0,20,8
RandomWalk,0,6,6,,0.0,20,9
RandomWalk,0,20,20,,0.0,20,10
RandomWalk,0,10,10,,0.0,20,11
RandomWalk,0,15,15,,0.0,20,12
RandomWalk,0,1,1,,0.0,20,13
RandomWalk,0,20,20,,0.0,20,14
RandomWalk,0,0,0,,0.0,20,15
RandomWalk,0,3,3,,0.0,20,16
RandomWalk,0,1,1,,0.0,20,17
RandomWalk,0,20,20,,0.0,20,18
RandomWalk,0,20,20,,0.0,20,19
RandomWalk,0,2,2,,0.0,20,20
RandomWalk,0,8,8,,0.0,20,21
RandomWalk,0,7,7,,0.0,20,22
RandomWalk,0,20,20,,0.0,20,23
RandomWalk,0,20,20,,0.0,20,24
RandomWalk,0,1,1,,0.0,20,25
RandomWalk,0,15,15,,0.0,20,26
RandomWalk,0,6,6,,0.0,20,27
RandomWalk,0,20,20,,0.0,20,28
RandomWalk,0,5,5,,0.0,20,29
RandomWalk,0,3,3,,0.0,20,30
RandomWalk,0,20,20,,0.0,20,31
RandomWalk,0,6,6,,0.0,20,32
RandomWalk,1,3,4,0.9873579667421257,0.8155591903710184,20,33
RandomWalk,0,18,18,,0.0,20,34
RandomWalk,0,10,10,,0.0,20,35
RandomWalk,0,20,20,,0.0,20,36
RandomWalk,0,9,9,,0.0,20,37
RandomWalk,0,10,10,,0.0,20,38
RandomWalk,0,13,13,,0.0,20,39
RandomWalk,0,0,0,,0.0,20,40
RandomWalk,0,2,2,,0.0,20,41
RandomWalk,0,20,20,,0.0,20,42
RandomWalk,0,2,2,,0.0,20,43
RandomWalk,0,1,1,,0.0,20,44
RandomWalk,0,0,0,,0.0,20,45
RandomWalk,0,6,6,,0.0,20,46
RandomWalk,0,16,16,,0.0,20,47
RandomWalk,0,20,20,,0.0,20,48
RandomWalk,0,6,6,,0.0,20,49
RandomWalk,0,3,3,,0.0,20,50
RandomWalk,0,4,4,,0.0,20,51
RandomWalk,0,18,18,,0.0,20,52
RandomWalk,0,16,16,,0.0,20,53
RandomWalk,0,3,3,,0.0,20,54
RandomWalk,0,4,4,,0.0,20,55
RandomWalk,0,2,2,,0.0,20,56
RandomWalk,1,1,2,0.5997718674911463,0.9293288668428896,20,57
RandomWalk,1,11,12,0.9326209927434317,0.4443955181193583,20,58
RandomWalk,0,6,6,,0.0,20,59
RandomWalk,0,20,20,,0.0,20,60
RandomWalk,0,20,20,,0.0,20,61
RandomWalk,0,20,20,,0.0,20,62
RandomWalk,0,10,10,,0.0,20,63
RandomWalk,0,20,20,,0.0,20,64
RandomWalk,0,10,10,,0.0,20,65
RandomWalk,0,16,16,,0.0,20,66
RandomWalk,0,9,9,,0.0,20,67
RandomWalk,0,8,8,,0.0,20,68
RandomWalk,0,20,20,,0.0,20,69
RandomWalk,0,16,16,,0.0,20,70
RandomWalk,0,4,4,,0.0,20,71
RandomWalk,0,20,20,,0.0,20,72
RandomWalk,0,3,3,,0.0,20,73
RandomWalk,0,20,20,,0.0,20,74
RandomWalk,0,2,2,,0.0,20,75
RandomWalk,0,2,2,,0.0,20,76
RandomWalk,0,2,2,,0.0,20,77
RandomWalk,0,20,20,,0.0,20,78
RandomWalk,1,0,1,0.9100906137133999,0.99,20,79
RandomWalk,1,18,19,0.86094858721885,0.202193475893505,20,80
RandomWalk,0,16,16,,0.0,20,81
RandomWalk,0,20,20,,0.0,20,82
RandomWalk,0,13,13,,0.0,20,83
RandomWalk,0,12,12,,0.0,20,84
RandomWalk,0,6,6,,0.0,20,85
RandomWalk,0,2,2,,0.0,20,86
RandomWalk,0,9,9,,0.0,20,87
RandomWalk,0,11,11,,0.0,20,88
RandomWalk,1,18,19,0.9906351883918608,0.202193475893505,20,89
RandomWalk,0,20,20,,0.0,20,90
RandomWalk,0,5,5,,0.0,20,91
RandomWalk,0,20,20,,0.0,20,92
RandomWalk,0,7,7,,0.0,20,93
RandomWalk,0,20,20,,0.0,20,94
RandomWalk,0,6,6,,0.0,20,95
RandomWalk,0,20,20,,0.0,20,96
RandomWalk,0,8,8,,0.0,20,97
RandomWalk,0,20,20,,0.0,20,98
RandomWalk,0,1,1,,0.0,20,99
RandomWalk,0,5,5,,0.0,20,100
RandomWalk,0,0,0,,0.0,20,101
RandomWalk,0,20,20,,0.0,20,102
RandomWalk,1,2,3,0.7778562446749508,0.8712252974212047,20,103
RandomWalk,0,12,12,,0.0,20,104
RandomWalk,0,20,20,,0.0,20,105
RandomWalk,0,17,17,,0.0,20,106
RandomWalk,1,8,9,0.5213268663783724,0.5696802704843891,20,107
RandomWalk,0,15,15,,0.0,20,108
RandomWalk,0,4,4,,0.0,20,109
RandomWalk,0,5,5,,0.0,20,110
RandomWalk,0,6,6,,0.0,20,111
RandomWalk,0,20,20,,0.0,20,112
RandomWalk,1,7,8,0.9599922974447579,0.6148911947429107,20,113
RandomWalk,0,20,20,,0.0,20,114
RandomWalk,0,18,18,,0.0,20,115
RandomWalk,0,8,8,,0.0,20,116
RandomWalk,0,2,2,,0.0,20,117
RandomWalk,0,8,8,,0.0,20,118
RandomWalk,0,20,20,,0.0,20,119
RandomWalk,0,20,20,,0.0,20,120
RandomWalk,0,20,20,,0.0,20,121
RandomWalk,0,3,3,,0.0,20,122
RandomWalk,0,6,6,,0.0,20,123
RandomWalk,0,11,11,,0.0,20,124
RandomWalk,0,3,3,,0.0,20,125
RandomWalk,1,5,6,0.9110203185223772,0.7110515858035664,20,126
RandomWalk,0,6,6,,0.0,20,127
RandomWalk,1,7,8,0.9344548971850072,0.6148911947429107,20,128
RandomWalk,1,0,1,0.6802276173823596,0.99,20,129
RandomWalk,0,7,7,,0.0,20,130
RandomWalk,0,5,5,,0.0,20,131
RandomWalk,0,4,4,,0.0,20,132
RandomWalk,0,7,7,,0.0,20,133
RandomWalk,0,2,2,,0.0,20,134
RandomWalk,0,20,20,,0.0,20,135
RandomWalk,0,12,12,,0.0,20,136
RandomWalk,0,2,2,,0.0,20,137
RandomWalk,0,20,20,,0.0,20,138
RandomWalk,0,2,2,,0.0,20,139
RandomWalk,0,18,18,,0.0,20,140
RandomWalk,0,2,2,,0.0,20,141
RandomWalk,0,3,3,,0.0,20,142
RandomWalk,0,1,1,,0.0,20,143
RandomWalk,1,17,18,0.9393833651211904,0.23312709387821823,20,144
RandomWalk,0,13,13,,0.0,20,145
RandomWalk,0,4,4,,0.0,20,146
RandomWalk,0,4,4,,0.0,20,147
RandomWalk,0,5,5,,0.0,20,148
RandomWalk,0,2,2,,0.0,20,149
RandomWalk,0,6,6,,0.0,20,150
RandomWalk,0,1,1,,0.0,20,151
RandomWalk,0,7,7,,0.0,20,152
RandomWalk,0,20,20,,0.0,20,153
RandomWalk,0,2,2,,0.0,20,154
RandomWalk,1,8,9,0.8017401063647567,0.5696802704843891,20,155
RandomWalk,0,7,7,,0.0,20,156
RandomWalk,0,6,6,,0.0,20,157
RandomWalk,0,20,20,,0.0,20,158
RandomWalk,0,12,12,,0.0,20,159
RandomWalk,0,20,20,,0.0,20,160
RandomWalk,0,20,20,,0.0,20,161
RandomWalk,0,20,20,,0.0,20,162
RandomWalk,0,6,6,,0.0,20,163
RandomWalk,0,4,4,,0.0,20,164
RandomWalk,0,2,2,,0.0,20,165
RandomWalk,0,20,20,,0.0,20,166
RandomWalk,0,11,11,,0.0,20,167
RandomWalk,0,5,5,,0.0,20,168
RandomWalk,0,6,6,,0.0,20,169
RandomWalk,0,20,20,,0.0,20,170
RandomWalk,0,5,5,,0.0,20,171
RandomWalk,0,7,7,,0.0,20,172
RandomWalk,0,13,13,,0.0,20,173
RandomWalk,0,15,15,,0.0,20,174
RandomWalk,0,13,13,,0.0,20,175
RandomWalk,0,4,4,,0.0,20,176
RandomWalk,0,20,20,,0.0,20,177
RandomWalk,0,8,8,,0.0,20,178
RandomWalk,0,14,14,,0.0,20,179
RandomWalk,0,4,4,,0.0,20,180
RandomWalk,0,20,20,,0.0,20,181
RandomWalk,0,9,9,,0.0,20,182
RandomWalk,0,3,3,,0.0,20,183
RandomWalk,0,4,4,,0.0,20,184
RandomWalk,0,10,10,,0.0,20,185
RandomWalk,0,3,3,,0.0,20,186
RandomWalk,0,3,3,,0.0,20,187
RandomWalk,0,17,17,,0.0,20,188
RandomWalk,0,2,2,,0.0,20,189
RandomWalk,0,5,5,,0.0,20,190
RandomWalk,0,0,0,,0.0,20,191
RandomWalk,0,12,12,,0.0,20,192
RandomWalk,0,5,5,,0.0,20,193
RandomWalk,0,20,20,,0.0,20,194
RandomWalk,0,1,1,,0.0,20,195
RandomWalk,0,3,3,,0.0,20,196
RandomWalk,1,2,3,0.8070680150957736,0.8712252974212047,20,197
RandomWalk,0,10,10,,0.0,20,198
RandomWalk,0,6,6,,0.0,20,199
RandomWalk,0,7,7,,0.0,30,0
RandomWalk,1,6,7,0.9334162823215923,0.6619815282283126,30,1
RandomWalk,0,1,1,,0.0,30,2
RandomWalk,0,4,4,,0.0,30,3
RandomWalk,0,6,6,,0.0,30,4
RandomWalk,0,21,21,,0.0,30,5
RandomWalk,0,27,27,,0.0,30,6
RandomWalk,0,2,2,,0.0,30,7
RandomWalk,1,6,7,0.47902399590065403,0.6619815282283126,30,8
RandomWalk,0,8,8,,0.0,30,9
RandomWalk,0,5,5,,0.0,30,10
RandomWalk,0,18,18,,0.0,30,11
RandomWalk,0,0,0,,0.0,30,12
RandomWalk,0,24,24,,0.0,30,13
RandomWalk,0,6,6,,0.0,30,14
RandomWalk,0,14,14,,0.0,30,15
RandomWalk,0,9,9,,0.0,30,16
RandomWalk,0,17,17,,0.0,30,17
RandomWalk,1,14,15,0.9939525779881975,0.33287377253122963,30,18
RandomWalk,0,16,16,,0.0,30,19
RandomWalk,0,9,9,,0.0,30,20
RandomWalk,0,29,29,,0.0,30,21
RandomWalk,0,5,5,,0.0,30,22
RandomWalk,0,27,27,,0.0,30,23
RandomWalk,0,7,7,,0.0,30,24
RandomWalk,0,4,4,,0.0,30,25
RandomWalk,0,20,20,,0.0,30,26
RandomWalk,0,17,17,,0.0,30,27
RandomWalk,0,3,3,,0.0,30,28
RandomWalk,0,1,1,,0.0,30,29
RandomWalk,0,4,4,,0.0,30,30
RandomWalk,0,30,30,,0.0,30,31
RandomWalk,0,4,4,,0.0,30,32
RandomWalk,0,29,29,,0.0,30,33
RandomWalk,0,3,3,,0.0,30,34
RandomWalk,0,3,3,,0.0,30,35
RandomWalk,0,3,3,,0.0,30,36
RandomWalk,0,16,16,,0.0,30,37
RandomWalk,0,21,21,,0.0,30,38
RandomWalk,0,10,10,,0.0,30,39
RandomWalk,0,11,11,,0.0,30,40
RandomWalk,0,6,6,,0.0,30,41
RandomWalk,0,30,30,,0.0,30,42
RandomWalk,0,4,4,,0.0,30,43
RandomWalk,0,17,17,,0.0,30,44
RandomWalk,0,30,30,,0.0,30,45
RandomWalk,0,10,10,,0.0,30,46
RandomWalk,0,5,5,,0.0,30,47
RandomWalk,0,2,2,,0.0,30,48
RandomWalk,0,7,7,,0.0,30,49
RandomWalk,0,13,13,,0.0,30,50
RandomWalk,0,21,21,,0.0,30,51
RandomWalk,0,0,0,,0.0,30,52
RandomWalk,0,20,20,,0.0,30,53
RandomWalk,0,3,3,,0.0,30,54
RandomWalk,0,10,10,,0.0,30,55
RandomWalk,0,30,30,,0.0,30,56
RandomWalk,0,14,14,,0.0,30,57
RandomWalk,0,3,3,,0.0,30,58
RandomWalk,0,5,5,,0.0,30,59
RandomWalk,0,19,19,,0.0,30,60
RandomWalk,0,24,24,,0.0,30,61
RandomWalk,0,5,5,,0.0,30,62
RandomWalk,0,2,2,,0.0,30,63
RandomWalk,0,3,3,,0.0,30,64
RandomWalk,1,20,21,0.6863036269999894,0.14345468195878017,30,65
RandomWalk,0,2,2,,0.0,30,66
RandomWalk,0,7,7,,0.0,30,67
RandomWalk,0,2,2,,0.0,30,68
RandomWalk,0,20,20,,0.0,30,69
RandomWalk,0,3,3,,0.0,30,70
RandomWalk,0,2,2,,0.0,30,71
RandomWalk,0,23,23,,0.0,30,72
RandomWalk,0,7,7,,0.0,30,73
RandomWalk,0,5,5,,0.0,30,74
RandomWalk,0,17,17,,0.0,30,75
RandomWalk,0,4,4,,0.0,30,76
RandomWalk,0,30,30,,0.0,30,77
RandomWalk,0,7,7,,0.0,30,78
RandomWalk,0,6,6,,0.0,30,79
RandomWalk,0,4,4,,0.0,30,80
RandomWalk,0,25,25,,0.0,30,81
RandomWalk,0,7,7,,0.0,30,82
RandomWalk,0,10,10,,0.0,30,83
RandomWalk,0,12,12,,0.0,30,84
RandomWalk,0,24,24,,0.0,30,85
RandomWalk,0,5,5,,0.0,30,86
RandomWalk,0,16,16,,0.0,30,87
RandomWalk,0,24,24,,0.0,30,88
RandomWalk,0,7,7,,0.0,30,89
RandomWalk,0,12,12,,0.0,30,90
RandomWalk,0,13,13,,0.0,30,91
RandomWalk,0,16,16,,0.0,30,92
RandomWalk,0,5,5,,0.0,30,93
RandomWalk,0,5,5,,0.0,30,94
RandomWalk,0,10,10,,0.0,30,95
RandomWalk,0,5,5,,0.0,30,96
RandomWalk,0,13,13,,0.0,30,97
RandomWalk,0,13,13,,0.0,30,98
RandomWalk,0,23,23,,0.0,30,99
RandomWalk,0,0,0,,0.0,30,100
RandomWalk,0,18,18,,0.0,30,101
RandomWalk,0,6,6,,0.0,30,102
RandomWalk,0,7,7,,0.0,30,103
RandomWalk,0,13,13,,0.0,30,104
RandomWalk,0,2,2,,0.0,30,105
RandomWalk,0,3,3,,0.0,30,106
RandomWalk,0,22,22,,0.0,30,107
RandomWalk,0,5,5,,0.0,30,108
RandomWalk,0,10,10,,0.0,30,109
RandomWalk,0,26,26,,0.0,30,110
RandomWalk,0,22,22,,0.0,30,111
RandomWalk,1,4,5,0.6896930074299933,0.7622070367119389,30,112
RandomWalk,0,23,23,,0.0,30,113
RandomWalk,0,22,22,,0.0,30,114
RandomWalk,0,6,6,,0.0,30,115
RandomWalk,1,17,18,0.8839311471067858,0.23312709387821823,30,116
RandomWalk,0,4,4,,0.0,30,117
RandomWalk,1,14,15,0.9170202972078719,0.33287377253122963,30,118
RandomWalk,0,7,7,,0.0,30,119
RandomWalk,0,2,2,,0.0,30,120
RandomWalk,0,6,6,,0.0,30,121
RandomWalk,0,9,9,,0.0,30,122
RandomWalk,0,7,7,,0.0,30,123
RandomWalk,0,5,5,,0.0,30,124
RandomWalk,0,24,24,,0.0,30,125
RandomWalk,0,11,11,,0.0,30,126
RandomWalk,1,17,18,0.725715883653634,0.23312709387821823,30,127
RandomWalk,0,4,4,,0.0,30,128
RandomWalk,0,9,9,,0.0,30,129
RandomWalk,0,2,2,,0.0,30,130
RandomWalk,0,26,26,,0.0,30,131
RandomWalk,0,8,8,,0.0,30,132
RandomWalk,1,21,22,0.3349704075931702,0.11554473270424262,30,133
RandomWalk,0,8,8,,0.0,30,134
RandomWalk,0,18,18,,0.0,30,135
RandomWalk,0,12,12,,0.0,30,136
RandomWalk,1,8,9,0.7900544516161419,0.5696802704843891,30,137
RandomWalk,0,16,16,,0.0,30,138
RandomWalk,0,4,4,,0.0,30,139
RandomWalk,0,13,13,,0.0,30,140
RandomWalk,0,25,25,,0.0,30,141
RandomWalk,0,17,17,,0.0,30,142
RandomWalk,0,11,11,,0.0,30,143
RandomWalk,0,30,30,,0.0,30,144
RandomWalk,0,5,5,,0.0,30,145
RandomWalk,0,3,3,,0.0,30,146
RandomWalk,0,4,4,,0.0,30,147
RandomWalk,0,28,28,,0.0,30,148
RandomWalk,0,4,4,,0.0,30,149
RandomWalk,0,27,27,,0.0,30,150
RandomWalk,0,12,12,,0.0,30,151
RandomWalk,0,14,14,,0.0,30,152
RandomWalk,0,23,23,,0.0,30,153
RandomWalk,0,3,3,,0.0,30,154
RandomWalk,0,1,1,,0.0,30,155
RandomWalk,0,22,22,,0.0,30,156
RandomWalk,0,30,30,,0.0,30,157
RandomWalk,0,2,2,,0.0,30,158
RandomWalk,0,17,17,,0.0,30,159
RandomWalk,0,30,30,,0.0,30,160
RandomWalk,0,2,2,,0.0,30,161
RandomWalk,0,19,19,,0.0,30,162
RandomWalk,0,3,3,,0.0,30,163
RandomWalk,0,13,13,,0.0,30,164
RandomWalk,0,5,5,,0.0,30,165
RandomWalk,1,10,11,0.9364847082148149,0.4845205479701943,30,166
RandomWalk,0,6,6,,0.0,30,167
RandomWalk,0,0,0,,0.0,30,168
RandomWalk,0,28,28,,0.0,30,169
RandomWalk,0,5,5,,0.0,30,170
RandomWalk,0,30,30,,0.0,30,171
RandomWalk,0,15,15,,0.0,30,172
RandomWalk,0,17,17,,0.0,30,173
RandomWalk,0,27,27,,0.0,30,174
RandomWalk,0,16,16,,0.0,30,175
RandomWalk,0,12,12,,0.0,30,176
RandomWalk,0,6,6,,0.0,30,177
RandomWalk,0,0,0,,0.0,30,178
RandomWalk,0,5,5,,0.0,30,179
RandomWalk,0,7,7,,0.0,30,180
RandomWalk,0,5,5,,0.0,30,181
RandomWalk,0,0,0,,0.0,30,182
RandomWalk,0,30,30,,0.0,30,183
RandomWalk,0,13,13,,0.0,30,184
RandomWalk,0,14,14,,0.0,30,185
RandomWalk,0,28,28,,0.0,30,186
RandomWalk,0,23,23,,0.0,30,187
RandomWalk,0,27,27,,0.0,30,188
RandomWalk,0,22,22,,0.0,30,189
RandomWalk,1,19,20,0.7622182743213,0.1723205880531552,30,190
RandomWalk,0,7,7,,0.0,30,191
RandomWalk,0,11,11,,0.0,30,192
RandomWalk,0,24,24,,0.0,30,193
RandomWalk,0,30,30,,0.0,30,194
RandomWalk,0,26,26,,0.0,30,195
RandomWalk,0,5,5,,0.0,30,196
RandomWalk,0,1,1,,0.0,30,197
RandomWalk,0,21,21,,0.0,30,198
RandomWalk,0,0,0,,0.0,30,199
RandomWalk,1,14,15,0.8032198005584351,0.33287377253122963,40,0
RandomWalk,0,31,31,,0.0,40,1
RandomWalk,0,33,33,,0.0,40,2
RandomWalk,0,37,37,,0.0,40,3
RandomWalk,0,1,1,,0.0,40,4
RandomWalk,0,7,7,,0.0,40,5
RandomWalk,0,7,7,,0.0,40,6
RandomWalk,0,34,34,,0.0,40,7
RandomWalk,0,15,15,,0.0,40,8
RandomWalk,0,20,20,,0.0,40,9
RandomWalk,0,6,6,,0.0,40,10
RandomWalk,0,5,5,,0.0,40,11
RandomWalk,0,11,11,,0.0,40,12
RandomWalk,0,5,5,,0.0,40,13
RandomWalk,0,5,5,,0.0,40,14
RandomWalk,0,0,0,,0.0,40,15
RandomWalk,0,5,5,,0.0,40,16
RandomWalk,0,31,31,,0.0,40,17
RandomWalk,0,10,10,,0.0,40,18
RandomWalk,0,9,9,,0.0,40,19
RandomWalk,0,6,6,,0.0,40,20
RandomWalk,0,4,4,,0.0,40,21
RandomWalk,0,14,14,,0.0,40,22
RandomWalk,0,20,20,,0.0,40,23
RandomWalk,0,4,4,,0.0,40,24
RandomWalk,0,18,18,,0.0,40,25
RandomWalk,0,22,22,,0.0,40,26
RandomWalk,0,2,2,,0.0,40,27
RandomWalk,0,27,27,,0.0,40,28
RandomWalk,0,25,25,,0.0,40,29
RandomWalk,0,5,5,,0.0,40,30
RandomWalk,0,11,11,,0.0,40,31
RandomWalk,1,11,12,0.7407278495985292,0.4443955181193583,40,32
RandomWalk,0,27,27,,0.0,40,33
RandomWalk,0,7,7,,0.0,40,34
RandomWalk,0,3,3,,0.0,40,35
RandomWalk,0,0,0,,0.0,40,36
RandomWalk,0,5,5,,0.0,40,37
RandomWalk,0,0,0,,0.0,40,38
RandomWalk,1,8,9,0.963076917608939,0.5696802704843891,40,39
RandomWalk,0,15,15,,0.0,40,40
RandomWalk,0,1,1,,0.0,40,41
RandomWalk,0,34,34,,0.0,40,42
RandomWalk,0,5,5,,0.0,40,43
RandomWalk,0,27,27,,0.0,40,44
RandomWalk,0,0,0,,0.0,40,45
RandomWalk,1,0,1,0.9377439684049236,0.99,40,46
RandomWalk,0,19,19,,0.0,40,47
RandomWalk,0,10,10,,0.0,40,48
RandomWalk,0,40,40,,0.0,40,49
RandomWalk,0,3,3,,0.0,40,50
RandomWalk,0,6,6,,0.0,40,51
RandomWalk,0,14,14,,0.0,40,52
RandomWalk,0,34,34,,0.0,40,53
RandomWalk,0,5,5,,0.0,40,54
RandomWalk,0,2,2,,0.0,40,55
RandomWalk,0,4,4,,0.0,40,56
RandomWalk,0,35,35,,0.0,40,57
RandomWalk,0,40,40,,0.0,40,58
RandomWalk,0,9,9,,0.0,40,59
RandomWalk,0,3,3,,0.0,40,60
RandomWalk,0,19,19,,0.0,40,61
RandomWalk,1,10,11,0.9214013229743976,0.4845205479701943,40,62
RandomWalk,0,0,0,,0.0,40,63
RandomWalk,0,18,18,,0.0,40,64
RandomWalk,0,30,30,,0.0,40,65
RandomWalk,0,6,6,,0.0,40,66
RandomWalk,0,2,2,,0.0,40,67
RandomWalk,0,7,7,,0.0,40,68
RandomWalk,0,6,6,,0.0,40,69
RandomWalk,0,20,20,,0.0,40,70
RandomWalk,0,5,5,,0.0,40,71
RandomWalk,0,21,21,,0.0,40,72
RandomWalk,0,15,15,,0.0,40,73
RandomWalk,0,7,7,,0.0,40,74
RandomWalk,0,6,6,,0.0,40,75
RandomWalk,0,23,23,,0.0,40,76
RandomWalk,0,9,9,,0.0,40,77
RandomWalk,0,6,6,,0.0,40,78
RandomWalk,0,3,3,,0.0,40,79
RandomWalk,0,4,4,,0.0,40,80
RandomWalk,0,12,12,,0.0,40,81
RandomWalk,0,18,18,,0.0,40,82
RandomWalk,1,20,21,0.8219623387332711,0.14345468195878017,40,83
RandomWalk,0,2,2,,0.0,40,84
RandomWalk,0,0,0,,0.0,40,85
RandomWalk,0,21,21,,0.0,40,86
RandomWalk,0,20,20,,0.0,40,87
RandomWalk,0,1,1,,0.0,40,88
RandomWalk,0,9,9,,0.0,40,89
RandomWalk,0,1,1,,0.0,40,90
RandomWalk,0,20,20,,0.0,40,91
RandomWalk,0,12,12,,0.0,40,92
RandomWalk,1,2,3,0.9760282514728807,0.8712252974212047,40,93
RandomWalk,0,1,1,,0.0,40,94
RandomWalk,0,12,12,,0.0,40,95
RandomWalk,0,21,21,,0.0,40,96
RandomWalk,0,3,3,,0.0,40,97
RandomWalk,0,23,23,,0.0,40,98
RandomWalk,0,6,6,,0.0,40,99
RandomWalk,0,2,2,,0.0,40,100
RandomWalk,0,16,16,,0.0,40,101
RandomWalk,0,7,7,,0.0,40,102
RandomWalk,0,4,4,,0.0,40,103
RandomWalk,0,6,6,,0.0,40,104
RandomWalk,0,10,10,,0.0,40,105
RandomWalk,0,5,5,,0.0,40,106
RandomWalk,0,2,2,,0.0,40,107
RandomWalk,0,3,3,,0.0,40,108
RandomWalk,0,1,1,,0.0,40,109
RandomWalk,0,2,2,,0.0,40,110
RandomWalk,1,5,6,0.617675171215161,0.7110515858035664,40,111
RandomWalk,0,1,1,,0.0,40,112
RandomWalk,0,17,17,,0.0,40,113
RandomWalk,0,22,22,,0.0,40,114
RandomWalk,0,18,18,,0.0,40,115
RandomWalk,0,11,11,,0.0,40,116
RandomWalk,1,6,7,0.9542857274900486,0.6619815282283126,40,117
RandomWalk,0,28,28,,0.0,40,118
RandomWalk,1,11,12,0.7755988817156207,0.4443955181193583,40,119
RandomWalk,0,0,0,,0.0,40,120
RandomWalk,1,2,3,0.84308003967304,0.8712252974212047,40,121
RandomWalk,0,23,23,,0.0,40,122
RandomWalk,0,9,9,,0.0,40,123
RandomWalk,0,5,5,,0.0,40,124
RandomWalk,1,19,20,0.8186481653950063,0.1723205880531552,40,125
RandomWalk,0,7,7,,0.0,40,126
RandomWalk,0,3,3,,0.0,40,127
RandomWalk,0,27,27,,0.0,40,128
RandomWalk,0,4,4,,0.0,40,129
RandomWalk,0,11,11,,0.0,40,130
RandomWalk,0,14,14,,0.0,40,131
RandomWalk,0,10,10,,0.0,40,132
RandomWalk,0,6,6,,0.0,40,133
RandomWalk,0,9,9,,0.0,40,134
RandomWalk,0,15,15,,0.0,40,135
RandomWalk,0,4,4,,0.0,40,136
RandomWalk,0,23,23,,0.0,40,137
RandomWalk,0,22,22,,0.0,40,138
RandomWalk,0,4,4,,0.0,40,139
RandomWalk,0,8,8,,0.0,40,140
RandomWalk,0,3,3,,0.0,40,141
RandomWalk,0,8,8,,0.0,40,142
RandomWalk,1,3,4,0.9170997412477898,0.8155591903710184,40,143
RandomWalk,0,0,0,,0.0,40,144
RandomWalk,0,14,14,,0.0,40,145
RandomWalk,0,16,16,,0.0,40,146
RandomWalk,0,13,13,,0.0,40,147
RandomWalk,0,24,24,,0.0,40,148
RandomWalk,0,28,28,,0.0,40,149
RandomWalk,0,10,10,,0.0,40,150
RandomWalk,0,12,12,,0.0,40,151
RandomWalk,0,11,11,,0.0,40,152
RandomWalk,0,32,32,,0.0,40,153
RandomWalk,0,1,1,,0.0,40,154
RandomWalk,0,10,10,,0.0,40,155
RandomWalk,0,3,3,,0.0,40,156
RandomWalk,0,28,28,,0.0,40,157
RandomWalk,0,4,4,,0.0,40,158
RandomWalk,0,3,3,,0.0,40,159
RandomWalk,0,3,3,,0.0,40,160
RandomWalk,1,9,10,0.8438252747434822,0.5262535236575561,40,161
RandomWalk,0,3,3,,0.0,40,162
RandomWalk,0,10,10,,0.0,40,163
RandomWalk,1,12,13,0.8566367623766711,0.40579695766745594,40,164
RandomWalk,0,3,3,,0.0,40,165
RandomWalk,0,6,6,,0.0,40,166
RandomWalk,0,17,17,,0.0,40,167
RandomWalk,0,5,5,,0.0,40,168
RandomWalk,0,30,30,,0.0,40,169
RandomWalk,0,23,23,,0.0,40,170
RandomWalk,0,14,14,,0.0,40,171
RandomWalk,0,17,17,,0.0,40,172
RandomWalk,0,1,1,,0.0,40,173
RandomWalk,0,5,5,,0.0,40,174
RandomWalk,0,22,22,,0.0,40,175
RandomWalk,0,14,14,,0.0,40,176
RandomWalk,1,7,8,0.8895044988313654,0.6148911947429107,40,177
RandomWalk,0,3,3,,0.0,40,178
RandomWalk,0,10,10,,0.0,40,179
RandomWalk,0,12,12,,0.0,40,180
RandomWalk,0,40,40,,0.0,40,181
RandomWalk,0,15,15,,0.0,40,182
RandomWalk,0,27,27,,0.0,40,183
RandomWalk,0,0,0,,0.0,40,184
RandomWalk,0,14,14,,0.0,40,185
RandomWalk,0,3,3,,0.0,40,186
RandomWalk,0,23,23,,0.0,40,187
RandomWalk,0,1,1,,0.0,40,188
RandomWalk,0,2,2,,0.0,40,189
RandomWalk,0,0,0,,0.0,40,190
RandomWalk,0,19,19,,0.0,40,191
RandomWalk,0,0,0,,0.0,40,192
RandomWalk,0,2,2,,0.0,40,193
RandomWalk,0,2,2,,0.0,40,194
RandomWalk,1,2,3,0.6098743305585913,0.8712252974212047,40,195
RandomWalk,0,0,0,,0.0,40,196
RandomWalk,0,1,1,,0.0,40,197
RandomWalk,0,19,19,,0.0,40,198
RandomWalk,0,15,15,,0.0,40,199
Heuristic-MADTSR,0,3,3,,0.0,10,0
Heuristic-MADTSR,1,1,2,0.6829950578023797,0.9293288668428896,10,1
Heuristic-MADTSR,0,10,10,,0.0,10,2
Heuristic-MADTSR,0,2,2,,0.0,10,3
Heuristic-MADTSR,0,2,2,,0.0,10,4
Heuristic-MADTSR,0,3,3,,0.0,10,5
Heuristic-MADTSR,0,0,0,,0.0,10,6
Heuristic-MADTSR,0,9,9,,0.0,10,7
Heuristic-MADTSR,0,10,10,,0.0,10,8
Heuristic-MADTSR,0,10,10,,0.0,10,9
Heuristic-MADTSR,0,10,10,,0.0,10,10
Heuristic-MADTSR,0,10,10,,0.0,10,11
Heuristic-MADTSR,1,7,8,0.5911162942402155,0.6148911947429107,10,12
Heuristic-MADTSR,0,10,10,,0.0,10,13
Heuristic-MADTSR,0,10,10,,0.0,10,14
Heuristic-MADTSR,1,2,3,0.2783029140889698,0.8712252974212047,10,15
Heuristic-MADTSR,0,10,10,,0.0,10,16
Heuristic-MADTSR,0,10,10,,0.0,10,17
Heuristic-MADTSR,0,5,5,,0.0,10,18
Heuristic-MADTSR,0,10,10,,0.0,10,19
Heuristic-MADTSR,0,10,10,,0.0,10,20
Heuristic-MADTSR,0,10,10,,0.0,10,21
Heuristic-MADTSR,0,2,2,,0.0,10,22
Heuristic-MADTSR,0,10,10,,0.0,10,23
Heuristic-MADTSR,0,10,10,,0.0,10,24
Heuristic-MADTSR,0,10,10,,0.0,10,25
Heuristic-MADTSR,1,4,5,0.9181068124241323,0.7622070367119389,10,26
Heuristic-MADTSR,0,3,3,,0.0,10,27
Heuristic-MADTSR,0,0,0,,0.0,10,28
Heuristic-MADTSR,0,10,10,,0.0,10,29
Heuristic-MADTSR,0,10,10,,0.0,10,30
Heuristic-MADTSR,0,1,1,,0.0,10,31
Heuristic-MADTSR,0,8,8,,0.0,10,32
Heuristic-MADTSR,0,3,3,,0.0,10,33
Heuristic-MADTSR,0,10,10,,0.0,10,34
Heuristic-MADTSR,0,8,8,,0.0,10,35
Heuristic-MADTSR,0,6,6,,0.0,10,36
Heuristic-MADTSR,0,4,4,,0.0,10,37
Heuristic-MADTSR,0,10,10,,0.0,10,38
Heuristic-MADTSR,0,10,10,,0.0,10,39
Heuristic-MADTSR,0,6,6,,0.0,10,40
Heuristic-MADTSR,0,10,10,,0.0,10,41
Heuristic-MADTSR,0,10,10,,0.0,10,42
Heuristic-MADTSR,0,10,10,,0.0,10,43
Heuristic-MADTSR,0,10,10,,0.0,10,44
Heuristic-MADTSR,1,1,2,0.944366617020084,0.9293288668428896,10,45
Heuristic-MADTSR,0,2,2,,0.0,10,46
Heuristic-MADTSR,0,10,10,,0.0,10,47
Heuristic-MADTSR,0,3,3,,0.0,10,48
Heuristic-MADTSR,0,5,5,,0.0,10,49
Heuristic-MADTSR,0,7,7,,0.0,10,50
Heuristic-MADTSR,0,5,5,,0.0,10,51
Heuristic-MADTSR,0,10,10,,0.0,10,52
Heuristic-MADTSR,0,10,10,,0.0,10,53
Heuristic-MADTSR,0,10,10,,0.0,10,54
Heuristic-MADTSR,0,2,2,,0.0,10,55
Heuristic-MADTSR,0,10,10,,0.0,10,56
Heuristic-MADTSR,1,4,5,0.7876347167918879,0.7622070367119389,10,57
Heuristic-MADTSR,0,10,10,,0.0,10,58
Heuristic-MADTSR,0,6,6,,0.0,10,59
Heuristic-MADTSR,0,1,1,,0.0,10,60
Heuristic-MADTSR,0,10,10,,0.0,10,61
Heuristic-MADTSR,0,6,6,,0.0,10,62
Heuristic-MADTSR,1,6,7,0.983589634157892,0.6619815282283126,10,63
Heuristic-MADTSR,0,3,3,,0.0,10,64
Heuristic-MADTSR,0,3,3,,0.0,10,65
Heuristic-MADTSR,0,9,9,,0.0,10,66
Heuristic-MADTSR,1,1,2,0.9788115036671192,0.9293288668428896,10,67
Heuristic-MADTSR,0,10,10,,0.0,10,68
Heuristic-MADTSR,0,3,3,,0.0,10,69
Heuristic-MADTSR,0,10,10,,0.0,10,70
Heuristic-MADTSR,0,10,10,,0.0,10,71
Heuristic-MADTSR,0,10,10,,0.0,10,72
Heuristic-MADTSR,0,5,5,,0.0,10,73
Heuristic-MADTSR,0,3,3,,0.0,10,74
Heuristic-MADTSR,0,0,0,,0.0,10,75
Heuristic-MADTSR,0,10,10,,0.0,10,76
Heuristic-MADTSR,0,10,10,,0.0,10,77
Heuristic-MADTSR,0,9,9,,0.0,10,78
Heuristic-MADTSR,0,2,2,,0.0,10,79
Heuristic-MADTSR,0,10,10,,0.0,10,80
Heuristic-MADTSR,0,1,1,,0.0,10,81
Heuristic-MADTSR,0,10,10,,0.0,10,82
Heuristic-MADTSR,0,10,10,,0.0,10,83
Heuristic-MADTSR,0,10,10,,0.0,10,84
Heuristic-MADTSR,0,2,2,,0.0,10,85
Heuristic-MADTSR,0,10,10,,0.0,10,86
Heuristic-MADTSR,0,3,3,,0.0,10,87
Heuristic-MADTSR,0,1,1,,0.0,10,88
Heuristic-MADTSR,0,10,10,,0.0,10,89
Heuristic-MADTSR,0,10,10,,0.0,10,90
Heuristic-MADTSR,0,0,0,,0.0,10,91
Heuristic-MADTSR,0,2,2,,0.0,10,92
Heuristic-MADTSR,0,3,3,,0.0,10,93
Heuristic-MADTSR,0,3,3,,0.0,10,94
Heuristic-MADTSR,1,9,10,0.35703632778121597,0.5262535236575561,10,95
Heuristic-MADTSR,0,8,8,,0.0,10,96
Heuristic-MADTSR,0,2,2,,0.0,10,97
Heuristic-MADTSR,0,1,1,,0.0,10,98
Heuristic-MADTSR,0,2,2,,0.0,10,99
Heuristic-MADTSR,0,10,10,,0.0,10,100
Heuristic-MADTSR,0,6,6,,0.0,10,101
Heuristic-MADTSR,1,5,6,0.9054890169274856,0.7110515858035664,10,102
Heuristic-MADTSR,0,10,10,,0.0,10,103
Heuristic-MADTSR,0,10,10,,0.0,10,104
Heuristic-MADTSR,1,6,7,0.6115157390411416,0.6619815282283126,10,105
Heuristic-MADTSR,0,10,10,,0.0,10,106
Heuristic-MADTSR,0,10,10,,0.0,10,107
Heuristic-MADTSR,0,2,2,,0.0,10,108
Heuristic-MADTSR,1,4,5,0.4406919424842829,0.7622070367119389,10,109
Heuristic-MADTSR,0,3,3,,0.0,10,110
Heuristic-MADTSR,0,0,0,,0.0,10,111
Heuristic-MADTSR,0,10,10,,0.0,10,112
Heuristic-MADTSR,0,6,6,,0.0,10,113
Heuristic-MADTSR,0,10,10,,0.0,10,114
Heuristic-MADTSR,0,2,2,,0.0,10,115
Heuristic-MADTSR,0,10,10,,0.0,10,116
Heuristic-MADTSR,0,4,4,,0.0,10,117
Heuristic-MADTSR,0,10,10,,0.0,10,118
Heuristic-MADTSR,0,2,2,,0.0,10,119
Heuristic-MADTSR,0,10,10,,0.0,10,120
Heuristic-MADTSR,0,10,10,,0.0,10,121
Heuristic-MADTSR,0,10,10,,0.0,10,122
Heuristic-MADTSR,0,10,10,,0.0,10,123
Heuristic-MADTSR,0,10,10,,0.0,10,124
Heuristic-MADTSR,0,4,4,,0.0,10,125
Heuristic-MADTSR,0,10,10,,0.0,10,126
Heuristic-MADTSR,0,10,10,,0.0,10,127
Heuristic-MADTSR,0,10,10,,0.0,10,128
Heuristic-MADTSR,0,10,10,,0.0,10,129
Heuristic-MADTSR,0,6,6,,0.0,10,130
Heuristic-MADTSR,0,10,10,,0.0,10,131
Heuristic-MADTSR,0,7,7,,0.0,10,132
Heuristic-MADTSR,1,10,11,0.9948793234391116,0.4845205479701943,10,133
Heuristic-MADTSR,0,10,10,,0.0,10,134
Heuristic-MADTSR,1,5,6,0.9792028536026882,0.7110515858035664,10,135
Heuristic-MADTSR,0,2,2,,0.0,10,136
Heuristic-MADTSR,0,8,8,,0.0,10,137
Heuristic-MADTSR,0,10,10,,0.0,10,138
Heuristic-MADTSR,0,10,10,,0.0,10,139
Heuristic-MADTSR,0,10,10,,0.0,10,140
Heuristic-MADTSR,0,6,6,,0.0,10,141
Heuristic-MADTSR,0,10,10,,0.0,10,142
Heuristic-MADTSR,1,2,3,0.7017539148275498,0.8712252974212047,10,143
Heuristic-MADTSR,0,4,4,,0.0,10,144
Heuristic-MADTSR,0,10,10,,0.0,10,145
Heuristic-MADTSR,0,10,10,,0.0,10,146
Heuristic-MADTSR,0,0,0,,0.0,10,147
Heuristic-MADTSR,0,2,2,,0.0,10,148
Heuristic-MADTSR,0,10,10,,0.0,10,149
Heuristic-MADTSR,0,10,10,,0.0,10,150
Heuristic-MADTSR,0,10,10,,0.0,10,151
Heuristic-MADTSR,1,3,4,0.9410575592208742,0.8155591903710184,10,152
Heuristic-MADTSR,0,10,10,,0.0,10,153
Heuristic-MADTSR,0,10,10,,0.0,10,154
Heuristic-MADTSR,0,10,10,,0.0,10,155
Heuristic-MADTSR,0,0,0,,0.0,10,156
Heuristic-MADTSR,1,2,3,0.7391232832023736,0.8712252974212047,10,157
Heuristic-MADTSR,0,10,10,,0.0,10,158
Heuristic-MADTSR,0,4,4,,0.0,10,159
Heuristic-MADTSR,0,10,10,,0.0,10,160
Heuristic-MADTSR,0,2,2,,0.0,10,161
Heuristic-MADTSR,0,2,2,,0.0,10,162
Heuristic-MADTSR,1,2,3,0.7908329845702481,0.8712252974212047,10,163
Heuristic-MADTSR,0,5,5,,0.0,10,164
Heuristic-MADTSR,0,4,4,,0.0,10,165
Heuristic-MADTSR,0,10,10,,0.0,10,166
Heuristic-MADTSR,0,10,10,,0.0,10,167
Heuristic-MADTSR,1,9,10,0.9832757001426912,0.5262535236575561,10,168
Heuristic-MADTSR,1,0,1,0.7005593561445167,0.99,10,169
Heuristic-MADTSR,0,3,3,,0.0,10,170
Heuristic-MADTSR,0,10,10,,0.0,10,171
Heuristic-MADTSR,0,10,10,,0.0,10,172
Heuristic-MADTSR,0,10,10,,0.0,10,173
Heuristic-MADTSR,1,3,4,0.9238151518722074,0.8155591903710184,10,174
Heuristic-MADTSR,0,5,5,,0.0,10,175
Heuristic-MADTSR,1,1,2,0.9253918146495217,0.9293288668428896,10,176
Heuristic-MADTSR,0,10,10,,0.0,10,177
Heuristic-MADTSR,0,10,10,,0.0,10,178
Heuristic-MADTSR,0,1,1,,0.0,10,179
Heuristic-MADTSR,0,3,3,,0.0,10,180
Heuristic-MADTSR,0,10,10,,0.0,10,181
Heuristic-MADTSR,0,3,3,,0.0,10,182
Heuristic-MADTSR,0,10,10,,0.0,10,183
Heuristic-MADTSR,0,10,10,,0.0,10,184
Heuristic-MADTSR,0,2,2,,0.0,10,185
Heuristic-MADTSR,0,10,10,,0.0,10,186
Heuristic-MADTSR,0,3,3,,0.0,10,187
Heuristic-MADTSR,0,3,3,,0.0,10,188
Heuristic-MADTSR,0,10,10,,0.0,10,189
Heuristic-MADTSR,0,1,1,,0.0,10,190
Heuristic-MADTSR,0,10,10,,0.0,10,191
Heuristic-MADTSR,0,10,10,,0.0,10,192
Heuristic-MADTSR,1,1,2,0.8770615954950671,0.9293288668428896,10,193
Heuristic-MADTSR,0,1,1,,0.0,10,194
Heuristic-MADTSR,0,3,3,,0.0,10,195
Heuristic-MADTSR,0,10,10,,0.0,10,196
Heuristic-MADTSR,0,10,10,,0.0,10,197
Heuristic-MADTSR,0,3,3,,0.0,10,198
Heuristic-MADTSR,0,10,10,,0.0,10,199
Heuristic-MADTSR,0,20,20,,0.0,20,0
Heuristic-MADTSR,0,10,10,,0.0,20,1
Heuristic-MADTSR,0,18,18,,0.0,20,2
Heuristic-MADTSR,0,7,7,,0.0,20,3
Heuristic-MADTSR,0,7,7,,0.0,20,4
Heuristic-MADTSR,0,20,20,,0.0,20,5
Heuristic-MADTSR,0,5,5,,0.0,20,6
Heuristic-MADTSR,1,5,6,0.8520931508615489,0.7110515858035664,20,7
Heuristic-MADTSR,0,1,1,,0.0,20,8
Heuristic-MADTSR,0,20,20,,0.0,20,9
Heuristic-MADTSR,0,9,9,,0.0,20,10
Heuristic-MADTSR,0,1,1,,0.0,20,11
Heuristic-MADTSR,0,13,13,,0.0,20,12
Heuristic-MADTSR,0,17,17,,0.0,20,13
Heuristic-MADTSR,0,20,20,,0.0,20,14
Heuristic-MADTSR,0,18,18,,0.0,20,15
Heuristic-MADTSR,1,1,2,0.924191387802483,0.9293288668428896,20,16
Heuristic-MADTSR,0,4,4,,0.0,20,17
Heuristic-MADTSR,0,2,2,,0.0,20,18
Heuristic-MADTSR,0,0,0,,0.0,20,19
Heuristic-MADTSR,0,3,3,,0.0,20,20
Heuristic-MADTSR,0,20,20,,0.0,20,21
Heuristic-MADTSR,0,16,16,,0.0,20,22
Heuristic-MADTSR,0,9,9,,0.0,20,23
Heuristic-MADTSR,1,1,2,0.7185368275428319,0.9293288668428896,20,24
Heuristic-MADTSR,1,10,11,0.6670864103862626,0.4845205479701943,20,25
Heuristic-MADTSR,0,20,20,,0.0,20,26
Heuristic-MADTSR,0,20,20,,0.0,20,27
Heuristic-MADTSR,0,14,14,,0.0,20,28
Heuristic-MADTSR,0,14,14,,0.0,20,29
Heuristic-MADTSR,0,3,3,,0.0,20,30
Heuristic-MADTSR,1,6,7,0.9140281933001546,0.6619815282283126,20,31
Heuristic-MADTSR,0,14,14,,0.0,20,32
Heuristic-MADTSR,0,7,7,,0.0,20,33
Heuristic-MADTSR,0,9,9,,0.0,20,34
Heuristic-MADTSR,0,4,4,,0.0,20,35
Heuristic-MADTSR,0,17,17,,0.0,20,36
Heuristic-MADTSR,0,5,5,,0.0,20,37
Heuristic-MADTSR,0,17,17,,0.0,20,38
Heuristic-MADTSR,0,7,7,,0.0,20,39
Heuristic-MADTSR,0,15,15,,0.0,20,40
Heuristic-MADTSR,0,16,16,,0.0,20,41
Heuristic-MADTSR,0,9,9,,0.0,20,42
Heuristic-MADTSR,0,4,4,,0.0,20,43
Heuristic-MADTSR,0,16,16,,0.0,20,44
Heuristic-MADTSR,0,20,20,,0.0,20,45
Heuristic-MADTSR,0,7,7,,0.0,20,46
Heuristic-MADTSR,0,9,9,,0.0,20,47
Heuristic-MADTSR,0,2,2,,0.0,20,48
Heuristic-MADTSR,0,20,20,,0.0,20,49
Heuristic-MADTSR,0,6,6,,0.0,20,50
Heuristic-MADTSR,1,9,10,0.7764885921769356,0.5262535236575561,20,51
Heuristic-MADTSR,0,8,8,,0.0,20,52
Heuristic-MADTSR,0,20,20,,0.0,20,53
Heuristic-MADTSR,0,3,3,,0.0,20,54
Heuristic-MADTSR,1,3,4,0.8559635711895813,0.8155591903710184,20,55
Heuristic-MADTSR,0,14,14,,0.0,20,56
Heuristic-MADTSR,1,11,12,0.7458529637453915,0.4443955181193583,20,57
Heuristic-MADTSR,0,17,17,,0.0,20,58
Heuristic-MADTSR,1,4,5,0.9257185281937323,0.7622070367119389,20,59
Heuristic-MADTSR,0,9,9,,0.0,20,60
Heuristic-MADTSR,0,20,20,,0.0,20,61
Heuristic-MADTSR,0,3,3,,0.0,20,62
Heuristic-MADTSR,0,15,15,,0.0,20,63
Heuristic-MADTSR,0,14,14,,0.0,20,64
Heuristic-MADTSR,1,4,5,0.9064079256335789,0.7622070367119389,20,65
Heuristic-MADTSR,0,19,19,,0.0,20,66
Heuristic-MADTSR,0,15,15,,0.0,20,67
Heuristic-MADTSR,0,15,15,,0.0,20,68
Heuristic-MADTSR,0,15,15,,0.0,20,69
Heuristic-MADTSR,0,8,8,,0.0,20,70
Heuristic-MADTSR,0,3,3,,0.0,20,71
Heuristic-MADTSR,0,20,20,,0.0,20,72
Heuristic-MADTSR,0,4,4,,0.0,20,73
Heuristic-MADTSR,0,2,2,,0.0,20,74
Heuristic-MADTSR,0,20,20,,0.0,20,75
Heuristic-MADTSR,0,2,2,,0.0,20,76
Heuristic-MADTSR,1,5,6,0.8299674232002822,0.7110515858035664,20,77
Heuristic-MADTSR,0,1,1,,0.0,20,78
Heuristic-MADTSR,0,12,12,,0.0,20,79
Heuristic-MADTSR,0,14,14,,0.0,20,80
Heuristic-MADTSR,0,8,8,,0.0,20,81
Heuristic-MADTSR,0,4,4,,0.0,20,82
Heuristic-MADTSR,0,15,15,,0.0,20,83
Heuristic-MADTSR,0,2,2,,0.0,20,84
Heuristic-MADTSR,0,0,0,,0.0,20,85
Heuristic-MADTSR,1,1,2,0.9298725845812508,0.9293288668428896,20,86
Heuristic-MADTSR,0,4,4,,0.0,20,87
Heuristic-MADTSR,1,9,10,0.7497444161890262,0.5262535236575561,20,88
Heuristic-MADTSR,0,20,20,,0.0,20,89
Heuristic-MADTSR,0,20,20,,0.0,20,90
Heuristic-MADTSR,0,20,20,,0.0,20,91
Heuristic-MADTSR,0,15,15,,0.0,20,92
Heuristic-MADTSR,0,3,3,,0.0,20,93
Heuristic-MADTSR,0,2,2,,0.0,20,94
Heuristic-MADTSR,0,0,0,,0.0,20,95
Heuristic-MADTSR,0,4,4,,0.0,20,96
Heuristic-MADTSR,0,20,20,,0.0,20,97
Heuristic-MADTSR,0,13,13,,0.0,20,98
Heuristic-MADTSR,0,19,19,,0.0,20,99
Heuristic-MADTSR,0,20,20,,0.0,20,100
Heuristic-MADTSR,0,19,19,,0.0,20,101
Heuristic-MADTSR,0,0,0,,0.0,20,102
Heuristic-MADTSR,0,14,14,,0.0,20,103
Heuristic-MADTSR,0,4,4,,0.0,20,104
Heuristic-MADTSR,0,20,20,,0.0,20,105
Heuristic-MADTSR,0,0,0,,0.0,20,106
Heuristic-MADTSR,0,9,9,,0.0,20,107
Heuristic-MADTSR,0,20,20,,0.0,20,108
Heuristic-MADTSR,0,3,3,,0.0,20,109
Heuristic-MADTSR,0,8,8,,0.0,20,110
Heuristic-MADTSR,0,11,11,,0.0,20,111
Heuristic-MADTSR,0,20,20,,0.0,20,112
Heuristic-MADTSR,0,8,8,,0.0,20,113
Heuristic-MADTSR,0,6,6,,0.0,20,114
Heuristic-MADTSR,0,9,9,,0.0,20,115
Heuristic-MADTSR,0,4,4,,0.0,20,116
Heuristic-MADTSR,1,4,5,0.6436395384758515,0.7622070367119389,20,117
Heuristic-MADTSR,0,15,15,,0.0,20,118
Heuristic-MADTSR,0,0,0,,0.0,20,119
Heuristic-MADTSR,0,8,8,,0.0,20,120
Heuristic-MADTSR,1,2,3,0.8273240127650036,0.8712252974212047,20,121
Heuristic-MADTSR,0,10,10,,0.0,20,122
Heuristic-MADTSR,0,20,20,,0.0,20,123
Heuristic-MADTSR,0,4,4,,0.0,20,124
Heuristic-MADTSR,0,1,1,,0.0,20,125
Heuristic-MADTSR,0,2,2,,0.0,20,126
Heuristic-MADTSR,0,8,8,,0.0,20,127
Heuristic-MADTSR,0,17,17,,0.0,20,128
Heuristic-MADTSR,0,18,18,,0.0,20,129
Heuristic-MADTSR,0,1,1,,0.0,20,130
Heuristic-MADTSR,0,17,17,,0.0,20,131
Heuristic-MADTSR,0,3,3,,0.0,20,132
Heuristic-MADTSR,0,18,18,,0.0,20,133
Heuristic-MADTSR,0,3,3,,0.0,20,134
Heuristic-MADTSR,0,20,20,,0.0,20,135
Heuristic-MADTSR,0,7,7,,0.0,20,136
Heuristic-MADTSR,0,18,18,,0.0,20,137
Heuristic-MADTSR,0,2,2,,0.0,20,138
Heuristic-MADTSR,0,20,20,,0.0,20,139
Heuristic-MADTSR,0,20,20,,0.0,20,140
Heuristic-MADTSR,0,9,9,,0.0,20,141
Heuristic-MADTSR,0,20,20,,0.0,20,142
Heuristic-MADTSR,0,3,3,,0.0,20,143
Heuristic-MADTSR,0,3,3,,0.0,20,144
Heuristic-MADTSR,0,20,20,,0.0,20,145
Heuristic-MADTSR,1,14,15,0.5779278926713618,0.33287377253122963,20,146
Heuristic-MADTSR,0,20,20,,0.0,20,147
Heuristic-MADTSR,0,2,2,,0.0,20,148
Heuristic-MADTSR,0,1,1,,0.0,20,149
Heuristic-MADTSR,0,5,5,,0.0,20,150
Heuristic-MADTSR,0,7,7,,0.0,20,151
Heuristic-MADTSR,0,20,20,,0.0,20,152
Heuristic-MADTSR,0,5,5,,0.0,20,153
Heuristic-MADTSR,0,3,3,,0.0,20,154
Heuristic-MADTSR,0,3,3,,0.0,20,155
Heuristic-MADTSR,0,3,3,,0.0,20,156
Heuristic-MADTSR,0,0,0,,0.0,20,157
Heuristic-MADTSR,0,6,6,,0.0,20,158
Heuristic-MADTSR,0,11,11,,0.0,20,159
Heuristic-MADTSR,0,20,20,,0.0,20,160
Heuristic-MADTSR,0,7,7,,0.0,20,161
Heuristic-MADTSR,0,2,2,,0.0,20,162
Heuristic-MADTSR,1,4,5,0.8872153702881064,0.7622070367119389,20,163
Heuristic-MADTSR,0,14,14,,0.0,20,164
Heuristic-MADTSR,0,20,20,,0.0,20,165
Heuristic-MADTSR,0,20,20,,0.0,20,166
Heuristic-MADTSR,0,13,13,,0.0,20,167
Heuristic-MADTSR,0,14,14,,0.0,20,168
Heuristic-MADTSR,0,3,3,,0.0,20,169
Heuristic-MADTSR,0,3,3,,0.0,20,170
Heuristic-MADTSR,1,1,2,0.36698595953582674,0.9293288668428896,20,171
Heuristic-MADTSR,1,14,15,0.5187996448231499,0.33287377253122963,20,172
Heuristic-MADTSR,0,7,7,,0.0,20,173
Heuristic-MADTSR,0,9,9,,0.0,20,174
Heuristic-MADTSR,0,8,8,,0.0,20,175
Heuristic-MADTSR,0,20,20,,0.0,20,176
Heuristic-MADTSR,0,20,20,,0.0,20,177
Heuristic-MADTSR,1,13,14,0.6711070268619003,0.36864751868031376,20,178
Heuristic-MADTSR,0,2,2,,0.0,20,179
Heuristic-MADTSR,0,20,20,,0.0,20,180
Heuristic-MADTSR,1,6,7,0.8744740354504785,0.6619815282283126,20,181
Heuristic-MADTSR,0,9,9,,0.0,20,182
Heuristic-MADTSR,0,0,0,,0.0,20,183
Heuristic-MADTSR,0,3,3,,0.0,20,184
Heuristic-MADTSR,1,1,2,0.6848928038946368,0.9293288668428896,20,185
Heuristic-MADTSR,0,18,18,,0.0,20,186
Heuristic-MADTSR,0,20,20,,0.0,20,187
Heuristic-MADTSR,0,11,11,,0.0,20,188
Heuristic-MADTSR,0,12,12,,0.0,20,189
Heuristic-MADTSR,0,20,20,,0.0,20,190
Heuristic-MADTSR,1,17,18,0.7012125289296549,0.23312709387821823,20,191
Heuristic-MADTSR,0,7,7,,0.0,20,192
Heuristic-MADTSR,0,20,20,,0.0,20,193
Heuristic-MADTSR,0,3,3,,0.0,20,194
Heuristic-MADTSR,0,5,5,,0.0,20,195
Heuristic-MADTSR,0,2,2,,0.0,20,196
Heuristic-MADTSR,0,5,5,,0.0,20,197
Heuristic-MADTSR,0,9,9,,0.0,20,198
Heuristic-MADTSR,0,14,14,,0.0,20,199
Heuristic-MADTSR,1,4,5,0.5102193293210523,0.7622070367119389,30,0
Heuristic-MADTSR,0,9,9,,0.0,30,1
Heuristic-MADTSR,0,15,15,,0.0,30,2
Heuristic-MADTSR,0,10,10,,0.0,30,3
Heuristic-MADTSR,0,3,3,,0.0,30,4
Heuristic-MADTSR,0,29,29,,0.0,30,5
Heuristic-MADTSR,0,12,12,,0.0,30,6
Heuristic-MADTSR,0,13,13,,0.0,30,7
Heuristic-MADTSR,0,4,4,,0.0,30,8
Heuristic-MADTSR,1,19,20,0.9912011829336902,0.1723205880531552,30,9
Heuristic-MADTSR,0,3,3,,0.0,30,10
Heuristic-MADTSR,0,2,2,,0.0,30,11
Heuristic-MADTSR,0,4,4,,0.0,30,12
Heuristic-MADTSR,0,11,11,,0.0,30,13
Heuristic-MADTSR,0,27,27,,0.0,30,14
Heuristic-MADTSR,0,16,16,,0.0,30,15
Heuristic-MADTSR,0,2,2,,0.0,30,16
Heuristic-MADTSR,0,18,18,,0.0,30,17
Heuristic-MADTSR,0,21,21,,0.0,30,18
Heuristic-MADTSR,0,19,19,,0.0,30,19
Heuristic-MADTSR,0,20,20,,0.0,30,20
Heuristic-MADTSR,0,18,18,,0.0,30,21
Heuristic-MADTSR,0,11,11,,0.0,30,22
Heuristic-MADTSR,0,6,6,,0.0,30,23
Heuristic-MADTSR,1,1,2,0.9892925997351925,0.9293288668428896,30,24
Heuristic-MADTSR,0,13,13,,0.0,30,25
Heuristic-MADTSR,0,7,7,,0.0,30,26
Heuristic-MADTSR,1,2,3,0.8974561091002988,0.8712252974212047,30,27
Heuristic-MADTSR,1,1,2,0.8031436217871908,0.9293288668428896,30,28
Heuristic-MADTSR,0,5,5,,0.0,30,29
Heuristic-MADTSR,1,2,3,0.8997783882187277,0.8712252974212047,30,30
Heuristic-MADTSR,0,8,8,,0.0,30,31
Heuristic-MADTSR,0,5,5,,0.0,30,32
Heuristic-MADTSR,0,13,13,,0.0,30,33
Heuristic-MADTSR,1,6,7,0.918243466731766,0.6619815282283126,30,34
Heuristic-MADTSR,0,11,11,,0.0,30,35
Heuristic-MADTSR,0,3,3,,0.0,30,36
Heuristic-MADTSR,1,9,10,0.9910433242905197,0.5262535236575561,30,37
Heuristic-MADTSR,1,1,2,0.9722022893070736,0.9293288668428896,30,38
Heuristic-MADTSR,0,20,20,,0.0,30,39
Heuristic-MADTSR,0,15,15,,0.0,30,40
Heuristic-MADTSR,0,30,30,,0.0,30,41
Heuristic-MADTSR,0,3,3,,0.0,30,42
Heuristic-MADTSR,0,3,3,,0.0,30,43
Heuristic-MADTSR,0,17,17,,0.0,30,44
Heuristic-MADTSR,0,2,2,,0.0,30,45
Heuristic-MADTSR,0,9,9,,0.0,30,46
Heuristic-MADTSR,0,0,0,,0.0,30,47
Heuristic-MADTSR,0,5,5,,0.0,30,48
Heuristic-MADTSR,0,6,6,,0.0,30,49
Heuristic-MADTSR,0,9,9,,0.0,30,50
Heuristic-MADTSR,0,5,5,,0.0,30,51
Heuristic-MADTSR,0,13,13,,0.0,30,52
Heuristic-MADTSR,0,2,2,,0.0,30,53
Heuristic-MADTSR,0,9,9,,0.0,30,54
Heuristic-MADTSR,0,3,3,,0.0,30,55
Heuristic-MADTSR,0,17,17,,0.0,30,56
Heuristic-MADTSR,0,3,3,,0.0,30,57
Heuristic-MADTSR,0,14,14,,0.0,30,58
Heuristic-MADTSR,1,1,2,0.5711266709971703,0.9293288668428896,30,59
Heuristic-MADTSR,1,1,2,0.4537572647681229,0.9293288668428896,30,60
Heuristic-MADTSR,0,6,6,,0.0,30,61
Heuristic-MADTSR,0,9,9,,0.0,30,62
Heuristic-MADTSR,0,11,11,,0.0,30,63
Heuristic-MADTSR,0,21,21,,0.0,30,64
Heuristic-MADTSR,0,1,1,,0.0,30,65
Heuristic-MADTSR,0,2,2,,0.0,30,66
Heuristic-MADTSR,0,8,8,,0.0,30,67
Heuristic-MADTSR,0,9,9,,0.0,30,68
Heuristic-MADTSR,0,5,5,,0.0,30,69
Heuristic-MADTSR,1,4,5,0.6862798897915243,0.7622070367119389,30,70
Heuristic-MADTSR,0,8,8,,0.0,30,71
Heuristic-MADTSR,0,2,2,,0.0,30,72
Heuristic-MADTSR,0,12,12,,0.0,30,73
Heuristic-MADTSR,0,6,6,,0.0,30,74
Heuristic-MADTSR,0,3,3,,0.0,30,75
Heuristic-MADTSR,1,17,18,0.7970742137908127,0.23312709387821823,30,76
Heuristic-MADTSR,0,16,16,,0.0,30,77
Heuristic-MADTSR,0,8,8,,0.0,30,78
Heuristic-MADTSR,0,16,16,,0.0,30,79
Heuristic-MADTSR,0,3,3,,0.0,30,80
Heuristic-MADTSR,0,1,1,,0.0,30,81
Heuristic-MADTSR,0,3,3,,0.0,30,82
Heuristic-MADTSR,0,9,9,,0.0,30,83
Heuristic-MADTSR,0,17,17,,0.0,30,84
Heuristic-MADTSR,0,10,10,,0.0,30,85
Heuristic-MADTSR,0,2,2,,0.0,30,86
Heuristic-MADTSR,0,2,2,,0.0,30,87
Heuristic-MADTSR,0,9,9,,0.0,30,88
Heuristic-MADTSR,0,8,8,,0.0,30,89
Heuristic-MADTSR,0,9,9,,0.0,30,90
Heuristic-MADTSR,0,5,5,,0.0,30,91
Heuristic-MADTSR,0,30,30,,0.0,30,92
Heuristic-MADTSR,0,30,30,,0.0,30,93
Heuristic-MADTSR,0,6,6,,0.0,30,94
Heuristic-MADTSR,0,20,20,,0.0,30,95
Heuristic-MADTSR,0,9,9,,0.0,30,96
Heuristic-MADTSR,0,1,1,,0.0,30,97
Heuristic-MADTSR,1,3,4,0.8253473149563,0.8155591903710184,30,98
Heuristic-MADTSR,0,15,15,,0.0,30,99
Heuristic-MADTSR,0,4,4,,0.0,30,100
Heuristic-MADTSR,1,11,12,0.5193421515388676,0.4443955181193583,30,101
Heuristic-MADTSR,0,10,10,,0.0,30,102
Heuristic-MADTSR,0,18,18,,0.0,30,103
Heuristic-MADTSR,0,23,23,,0.0,30,104
Heuristic-MADTSR,0,22,22,,0.0,30,105
Heuristic-MADTSR,0,9,9,,0.0,30,106
Heuristic-MADTSR,0,0,0,,0.0,30,107
Heuristic-MADTSR,0,5,5,,0.0,30,108
Heuristic-MADTSR,1,8,9,0.6206581193325355,0.5696802704843891,30,109
Heuristic-MADTSR,0,1,1,,0.0,30,110
Heuristic-MADTSR,0,2,2,,0.0,30,111
Heuristic-MADTSR,0,8,8,,0.0,30,112
Heuristic-MADTSR,0,3,3,,0.0,30,113
Heuristic-MADTSR,0,3,3,,0.0,30,114
Heuristic-MADTSR,0,21,21,,0.0,30,115
Heuristic-MADTSR,1,23,24,0.8460050075562486,0.06240140152949969,30,116
Heuristic-MADTSR,0,10,10,,0.0,30,117
Heuristic-MADTSR,0,22,22,,0.0,30,118
Heuristic-MADTSR,0,5,5,,0.0,30,119
Heuristic-MADTSR,0,2,2,,0.0,30,120
Heuristic-MADTSR,0,10,10,,0.0,30,121
Heuristic-MADTSR,0,0,0,,0.0,30,122
Heuristic-MADTSR,0,2,2,,0.0,30,123
Heuristic-MADTSR,0,28,28,,0.0,30,124
Heuristic-MADTSR,0,3,3,,0.0,30,125
Heuristic-MADTSR,0,4,4,,0.0,30,126
Heuristic-MADTSR,0,24,24,,0.0,30,127
Heuristic-MADTSR,1,14,15,0.9968930102563314,0.33287377253122963,30,128
Heuristic-MADTSR,0,3,3,,0.0,30,129
Heuristic-MADTSR,0,25,25,,0.0,30,130
Heuristic-MADTSR,0,10,10,,0.0,30,131
Heuristic-MADTSR,0,7,7,,0.0,30,132
Heuristic-MADTSR,1,7,8,0.9813318604152603,0.6148911947429107,30,133
Heuristic-MADTSR,0,6,6,,0.0,30,134
Heuristic-MADTSR,0,2,2,,0.0,30,135
Heuristic-MADTSR,1,11,12,0.7752714773225515,0.4443955181193583,30,136
Heuristic-MADTSR,0,3,3,,0.0,30,137
Heuristic-MADTSR,0,2,2,,0.0,30,138
Heuristic-MADTSR,0,8,8,,0.0,30,139
Heuristic-MADTSR,1,1,2,0.673574752909362,0.9293288668428896,30,140
Heuristic-MADTSR,0,2,2,,0.0,30,141
Heuristic-MADTSR,0,25,25,,0.0,30,142
Heuristic-MADTSR,0,25,25,,0.0,30,143
Heuristic-MADTSR,0,23,23,,0.0,30,144
Heuristic-MADTSR,0,2,2,,0.0,30,145
Heuristic-MADTSR,0,0,0,,0.0,30,146
Heuristic-MADTSR,0,3,3,,0.0,30,147
Heuristic-MADTSR,0,7,7,,0.0,30,148
Heuristic-MADTSR,1,15,16,0.8105515146908925,0.2984060113052235,30,149
Heuristic-MADTSR,0,13,13,,0.0,30,150
Heuristic-MADTSR,0,13,13,,0.0,30,151
Heuristic-MADTSR,0,4,4,,0.0,30,152
Heuristic-MADTSR,0,5,5,,0.0,30,153
Heuristic-MADTSR,1,3,4,0.9761822608792723,0.8155591903710184,30,154
Heuristic-MADTSR,1,14,15,0.4133078319237046,0.33287377253122963,30,155
Heuristic-MADTSR,0,18,18,,0.0,30,156
Heuristic-MADTSR,0,20,20,,0.0,30,157
Heuristic-MADTSR,1,9,10,0.6705462821563493,0.5262535236575561,30,158
Heuristic-MADTSR,1,10,11,0.8754312785236082,0.4845205479701943,30,159
Heuristic-MADTSR,0,6,6,,0.0,30,160
Heuristic-MADTSR,1,3,4,0.971568984550075,0.8155591903710184,30,161
Heuristic-MADTSR,0,3,3,,0.0,30,162
Heuristic-MADTSR,0,3,3,,0.0,30,163
Heuristic-MADTSR,0,12,12,,0.0,30,164
Heuristic-MADTSR,0,22,22,,0.0,30,165
Heuristic-MADTSR,1,4,5,0.8260560413845168,0.7622070367119389,30,166
Heuristic-MADTSR,0,5,5,,0.0,30,167
Heuristic-MADTSR,0,18,18,,0.0,30,168
Heuristic-MADTSR,0,19,19,,0.0,30,169
Heuristic-MADTSR,0,8,8,,0.0,30,170
Heuristic-MADTSR,0,20,20,,0.0,30,171
Heuristic-MADTSR,1,9,10,0.7461892282063304,0.5262535236575561,30,172
Heuristic-MADTSR,0,7,7,,0.0,30,173
Heuristic-MADTSR,1,5,6,0.704382237536158,0.7110515858035664,30,174
Heuristic-MADTSR,0,1,1,,0.0,30,175
Heuristic-MADTSR,0,5,5,,0.0,30,176
Heuristic-MADTSR,0,23,23,,0.0,30,177
Heuristic-MADTSR,0,20,20,,0.0,30,178
Heuristic-MADTSR,0,22,22,,0.0,30,179
Heuristic-MADTSR,0,3,3,,0.0,30,180
Heuristic-MADTSR,0,22,22,,0.0,30,181
Heuristic-MADTSR,0,8,8,,0.0,30,182
Heuristic-MADTSR,0,2,2,,0.0,30,183
Heuristic-MADTSR,1,7,8,0.9235846163750041,0.6148911947429107,30,184
Heuristic-MADTSR,0,15,15,,0.0,30,185
Heuristic-MADTSR,0,4,4,,0.0,30,186
Heuristic-MADTSR,1,5,6,0.8318509407711232,0.7110515858035664,30,187
Heuristic-MADTSR,1,6,7,0.9725415949128369,0.6619815282283126,30,188
Heuristic-MADTSR,0,1,1,,0.0,30,189
Heuristic-MADTSR,0,2,2,,0.0,30,190
Heuristic-MADTSR,0,2,2,,0.0,30,191
Heuristic-MADTSR,0,22,22,,0.0,30,192
Heuristic-MADTSR,0,7,7,,0.0,30,193
Heuristic-MADTSR,0,25,25,,0.0,30,194
Heuristic-MADTSR,0,4,4,,0.0,30,195
Heuristic-MADTSR,0,8,8,,0.0,30,196
Heuristic-MADTSR,0,0,0,,0.0,30,197
Heuristic-MADTSR,0,2,2,,0.0,30,198
Heuristic-MADTSR,1,7,8,0.9242712880502406,0.6148911947429107,30,199
Heuristic-MADTSR,0,1,1,,0.0,40,0
Heuristic-MADTSR,0,4,4,,0.0,40,1
Heuristic-MADTSR,0,3,3,,0.0,40,2
Heuristic-MADTSR,0,0,0,,0.0,40,3
Heuristic-MADTSR,0,15,15,,0.0,40,4
Heuristic-MADTSR,0,17,17,,0.0,40,5
Heuristic-MADTSR,0,13,13,,0.0,40,6
Heuristic-MADTSR,0,10,10,,0.0,40,7
Heuristic-MADTSR,0,0,0,,0.0,40,8
Heuristic-MADTSR,0,3,3,,0.0,40,9
Heuristic-MADTSR,0,9,9,,0.0,40,10
Heuristic-MADTSR,0,22,22,,0.0,40,11
Heuristic-MADTSR,0,4,4,,0.0,40,12
Heuristic-MADTSR,0,14,14,,0.0,40,13
Heuristic-MADTSR,0,19,19,,0.0,40,14
Heuristic-MADTSR,0,8,8,,0.0,40,15
Heuristic-MADTSR,0,0,0,,0.0,40,16
Heuristic-MADTSR,0,17,17,,0.0,40,17
Heuristic-MADTSR,0,7,7,,0.0,40,18
Heuristic-MADTSR,0,4,4,,0.0,40,19
Heuristic-MADTSR,0,5,5,,0.0,40,20
Heuristic-MADTSR,0,4,4,,0.0,40,21
Heuristic-MADTSR,0,0,0,,0.0,40,22
Heuristic-MADTSR,0,17,17,,0.0,40,23
Heuristic-MADTSR,0,11,11,,0.0,40,24
Heuristic-MADTSR,0,17,17,,0.0,40,25
Heuristic-MADTSR,0,5,5,,0.0,40,26
Heuristic-MADTSR,1,4,5,0.9032424432408391,0.7622070367119389,40,27
Heuristic-MADTSR,0,4,4,,0.0,40,28
Heuristic-MADTSR,0,12,12,,0.0,40,29
Heuristic-MADTSR,0,3,3,,0.0,40,30
Heuristic-MADTSR,0,1,1,,0.0,40,31
Heuristic-MADTSR,0,17,17,,0.0,40,32
Heuristic-MADTSR,1,16,17,0.8808874574678534,0.2651780592663566,40,33
Heuristic-MADTSR,0,7,7,,0.0,40,34
Heuristic-MADTSR,1,0,1,0.7695823733607058,0.99,40,35
Heuristic-MADTSR,0,11,11,,0.0,40,36
Heuristic-MADTSR,0,7,7,,0.0,40,37
Heuristic-MADTSR,0,5,5,,0.0,40,38
Heuristic-MADTSR,1,18,19,0.9680103142973954,0.202193475893505,40,39
Heuristic-MADTSR,0,12,12,,0.0,40,40
Heuristic-MADTSR,0,3,3,,0.0,40,41
Heuristic-MADTSR,0,30,30,,0.0,40,42
Heuristic-MADTSR,0,15,15,,0.0,40,43
Heuristic-MADTSR,0,3,3,,0.0,40,44
Heuristic-MADTSR,0,10,10,,0.0,40,45
Heuristic-MADTSR,0,7,7,,0.0,40,46
Heuristic-MADTSR,1,11,12,0.6770408983497609,0.4443955181193583,40,47
Heuristic-MADTSR,0,0,0,,0.0,40,48
Heuristic-MADTSR,0,30,30,,0.0,40,49
Heuristic-MADTSR,0,4,4,,0.0,40,50
Heuristic-MADTSR,0,5,5,,0.0,40,51
Heuristic-MADTSR,0,29,29,,0.0,40,52
Heuristic-MADTSR,1,1,2,0.5356883350934044,0.9293288668428896,40,53
Heuristic-MADTSR,0,0,0,,0.0,40,54
Heuristic-MADTSR,0,3,3,,0.0,40,55
Heuristic-MADTSR,0,15,15,,0.0,40,56
Heuristic-MADTSR,1,2,3,0.9109081954668405,0.8712252974212047,40,57
Heuristic-MADTSR,0,4,4,,0.0,40,58
Heuristic-MADTSR,0,16,16,,0.0,40,59
Heuristic-MADTSR,0,19,19,,0.0,40,60
Heuristic-MADTSR,0,12,12,,0.0,40,61
Heuristic-MADTSR,0,14,14,,0.0,40,62
Heuristic-MADTSR,0,5,5,,0.0,40,63
Heuristic-MADTSR,0,13,13,,0.0,40,64
Heuristic-MADTSR,0,23,23,,0.0,40,65
Heuristic-MADTSR,0,38,38,,0.0,40,66
Heuristic-MADTSR,0,0,0,,0.0,40,67
Heuristic-MADTSR,0,14,14,,0.0,40,68
Heuristic-MADTSR,0,4,4,,0.0,40,69
Heuristic-MADTSR,0,4,4,,0.0,40,70
Heuristic-MADTSR,0,8,8,,0.0,40,71
Heuristic-MADTSR,0,30,30,,0.0,40,72
Heuristic-MADTSR,0,10,10,,0.0,40,73
Heuristic-MADTSR,0,3,3,,0.0,40,74
Heuristic-MADTSR,0,3,3,,0.0,40,75
Heuristic-MADTSR,0,3,3,,0.0,40,76
Heuristic-MADTSR,1,30,31,0.8794018927732867,0.0,40,77
Heuristic-MADTSR,0,18,18,,0.0,40,78
Heuristic-MADTSR,0,18,18,,0.0,40,79
Heuristic-MADTSR,0,3,3,,0.0,40,80
Heuristic-MADTSR,0,5,5,,0.0,40,81
Heuristic-MADTSR,0,0,0,,0.0,40,82
Heuristic-MADTSR,0,18,18,,0.0,40,83
Heuristic-MADTSR,0,5,5,,0.0,40,84
Heuristic-MADTSR,0,19,19,,0.0,40,85
Heuristic-MADTSR,0,12,12,,0.0,40,86
Heuristic-MADTSR,0,7,7,,0.0,40,87
Heuristic-MADTSR,0,18,18,,0.0,40,88
Heuristic-MADTSR,0,5,5,,0.0,40,89
Heuristic-MADTSR,1,4,5,0.9799766333927799,0.7622070367119389,40,90
Heuristic-MADTSR,0,8,8,,0.0,40,91
Heuristic-MADTSR,0,5,5,,0.0,40,92
Heuristic-MADTSR,0,9,9,,0.0,40,93
Heuristic-MADTSR,1,4,5,0.9335540413537824,0.7622070367119389,40,94
Heuristic-MADTSR,0,4,4,,0.0,40,95
Heuristic-MADTSR,0,2,2,,0.0,40,96
Heuristic-MADTSR,1,1,2,0.7196066600403944,0.9293288668428896,40,97
Heuristic-MADTSR,0,8,8,,0.0,40,98
Heuristic-MADTSR,0,12,12,,0.0,40,99
Heuristic-MADTSR,0,6,6,,0.0,40,100
Heuristic-MADTSR,0,5,5,,0.0,40,101
Heuristic-MADTSR,0,2,2,,0.0,40,102
Heuristic-MADTSR,1,1,2,0.9494285619698457,0.9293288668428896,40,103
Heuristic-MADTSR,0,5,5,,0.0,40,104
Heuristic-MADTSR,1,2,3,0.9464108491168468,0.8712252974212047,40,105
Heuristic-MADTSR,0,3,3,,0.0,40,106
Heuristic-MADTSR,0,20,20,,0.0,40,107
Heuristic-MADTSR,0,0,0,,0.0,40,108
Heuristic-MADTSR,0,3,3,,0.0,40,109
Heuristic-MADTSR,0,8,8,,0.0,40,110
Heuristic-MADTSR,0,8,8,,0.0,40,111
Heuristic-MADTSR,1,2,3,0.6739646359258878,0.8712252974212047,40,112
Heuristic-MADTSR,0,3,3,,0.0,40,113
Heuristic-MADTSR,0,25,25,,0.0,40,114
Heuristic-MADTSR,0,0,0,,0.0,40,115
Heuristic-MADTSR,0,1,1,,0.0,40,116
Heuristic-MADTSR,0,1,1,,0.0,40,117
Heuristic-MADTSR,0,16,16,,0.0,40,118
Heuristic-MADTSR,0,3,3,,0.0,40,119
Heuristic-MADTSR,0,9,9,,0.0,40,120
Heuristic-MADTSR,0,5,5,,0.0,40,121
Heuristic-MADTSR,1,6,7,0.3833490158874395,0.6619815282283126,40,122
Heuristic-MADTSR,0,0,0,,0.0,40,123
Heuristic-MADTSR,0,3,3,,0.0,40,124
Heuristic-MADTSR,0,3,3,,0.0,40,125
Heuristic-MADTSR,0,3,3,,0.0,40,126
Heuristic-MADTSR,0,12,12,,0.0,40,127
Heuristic-MADTSR,0,2,2,,0.0,40,128
Heuristic-MADTSR,0,9,9,,0.0,40,129
Heuristic-MADTSR,1,8,9,0.8089812225814729,0.5696802704843891,40,130
Heuristic-MADTSR,0,20,20,,0.0,40,131
Heuristic-MADTSR,0,0,0,,0.0,40,132
Heuristic-MADTSR,1,10,11,0.9823555634229464,0.4845205479701943,40,133
Heuristic-MADTSR,0,21,21,,0.0,40,134
Heuristic-MADTSR,0,4,4,,0.0,40,135
Heuristic-MADTSR,0,6,6,,0.0,40,136
Heuristic-MADTSR,0,37,37,,0.0,40,137
Heuristic-MADTSR,0,12,12,,0.0,40,138
Heuristic-MADTSR,0,3,3,,0.0,40,139
Heuristic-MADTSR,0,40,40,,0.0,40,140
Heuristic-MADTSR,1,13,14,0.38122959228629205,0.36864751868031376,40,141
Heuristic-MADTSR,0,3,3,,0.0,40,142
Heuristic-MADTSR,0,0,0,,0.0,40,143
Heuristic-MADTSR,0,2,2,,0.0,40,144
Heuristic-MADTSR,1,9,10,0.9440579735030641,0.5262535236575561,40,145
Heuristic-MADTSR,0,11,11,,0.0,40,146
Heuristic-MADTSR,0,3,3,,0.0,40,147
Heuristic-MADTSR,0,4,4,,0.0,40,148
Heuristic-MADTSR,0,4,4,,0.0,40,149
Heuristic-MADTSR,0,12,12,,0.0,40,150
Heuristic-MADTSR,0,8,8,,0.0,40,151
Heuristic-MADTSR,0,5,5,,0.0,40,152
Heuristic-MADTSR,0,3,3,,0.0,40,153
Heuristic-MADTSR,0,18,18,,0.0,40,154
Heuristic-MADTSR,0,4,4,,0.0,40,155
Heuristic-MADTSR,0,19,19,,0.0,40,156
Heuristic-MADTSR,0,5,5,,0.0,40,157
Heuristic-MADTSR,0,0,0,,0.0,40,158
Heuristic-MADTSR,0,20,20,,0.0,40,159
Heuristic-MADTSR,1,1,2,0.9681302029739396,0.9293288668428896,40,160
Heuristic-MADTSR,0,17,17,,0.0,40,161
Heuristic-MADTSR,0,13,13,,0.0,40,162
Heuristic-MADTSR,0,3,3,,0.0,40,163
Heuristic-MADTSR,0,6,6,,0.0,40,164
Heuristic-MADTSR,0,4,4,,0.0,40,165
Heuristic-MADTSR,1,23,24,0.7816737058039869,0.06240140152949969,40,166
Heuristic-MADTSR,0,23,23,,0.0,40,167
Heuristic-MADTSR,0,3,3,,0.0,40,168
Heuristic-MADTSR,1,1,2,0.3216993211393442,0.9293288668428896,40,169
Heuristic-MADTSR,0,2,2,,0.0,40,170
Heuristic-MADTSR,0,14,14,,0.0,40,171
Heuristic-MADTSR,0,6,6,,0.0,40,172
Heuristic-MADTSR,0,14,14,,0.0,40,173
Heuristic-MADTSR,1,10,11,0.7526616443117622,0.4845205479701943,40,174
Heuristic-MADTSR,0,23,23,,0.0,40,175
Heuristic-MADTSR,0,7,7,,0.0,40,176
Heuristic-MADTSR,0,22,22,,0.0,40,177
Heuristic-MADTSR,0,12,12,,0.0,40,178
Heuristic-MADTSR,0,3,3,,0.0,40,179
Heuristic-MADTSR,0,9,9,,0.0,40,180
Heuristic-MADTSR,0,20,20,,0.0,40,181
Heuristic-MADTSR,0,8,8,,0.0,40,182
Heuristic-MADTSR,0,9,9,,0.0,40,183
Heuristic-MADTSR,0,30,30,,0.0,40,184
Heuristic-MADTSR,0,5,5,,0.0,40,185
Heuristic-MADTSR,0,28,28,,0.0,40,186
Heuristic-MADTSR,0,6,6,,0.0,40,187
Heuristic-MADTSR,0,24,24,,0.0,40,188
Heuristic-MADTSR,1,6,7,0.8911219989616733,0.6619815282283126,40,189
Heuristic-MADTSR,1,27,28,0.7764469139315653,0.0,40,190
Heuristic-MADTSR,0,3,3,,0.0,40,191
Heuristic-MADTSR,0,5,5,,0.0,40,192
Heuristic-MADTSR,0,2,2,,0.0,40,193
Heuristic-MADTSR,0,10,10,,0.0,40,194
Heuristic-MADTSR,0,0,0,,0.0,40,195
Heuristic-MADTSR,0,19,19,,0.0,40,196
Heuristic-MADTSR,0,10,10,,0.0,40,197
Heuristic-MADTSR,0,32,32,,0.0,40,198
Heuristic-MADTSR,0,25,25,,0.0,40,199
